Assays	gene	type mapping	system	organ
ACEA_ER_80hr	ESR1	gene target	NA	NA
ACEA_ER_AUC_viability	NA	viability	Immune System	Immune System
ACEA_ER_AUC_viability	NA	viability	Digestive System	Liver
ACEA_ER_AUC_viability	NA	viability	Respiratory System	Lung
ACEA_ER_AUC_viability	NA	viability	Digestive System	Stomach
APR_HepG2_CellCycleArrest_1h_dn	NA	tissue	Digestive System	Liver
APR_HepG2_CellCycleArrest_1h_up	NA	tissue	Digestive System	Liver
APR_HepG2_CellLoss_1h_dn	NA	tissue	Digestive System	Liver
APR_HepG2_CellLoss_1h_up	NA	tissue	Digestive System	Liver
APR_HepG2_MicrotubuleCSK_1h_dn	NA	tissue	Digestive System	Liver
APR_HepG2_MicrotubuleCSK_1h_up	NA	tissue	Digestive System	Liver
APR_HepG2_MitoMass_1h_dn	NA	tissue	Digestive System	Liver
APR_HepG2_MitoMass_1h_up	NA	tissue	Digestive System	Liver
APR_HepG2_MitoMembPot_1h_dn	NA	tissue	Digestive System	Liver
APR_HepG2_MitoMembPot_1h_up	NA	tissue	Digestive System	Liver
APR_HepG2_MitoticArrest_1h_dn	NA	tissue	Digestive System	Liver
APR_HepG2_MitoticArrest_1h_up	NA	tissue	Digestive System	Liver
APR_HepG2_NuclearSize_1h_dn	NA	tissue	Digestive System	Liver
APR_HepG2_NuclearSize_1h_up	NA	tissue	Digestive System	Liver
APR_HepG2_OxidativeStress_1h_dn	NA	tissue	Digestive System	Liver
APR_HepG2_OxidativeStress_1h_up	NA	tissue	Digestive System	Liver
APR_HepG2_p53Act_1h_dn	NA	viability	Immune System	Immune System
APR_HepG2_p53Act_1h_dn	NA	viability	Digestive System	Liver
APR_HepG2_p53Act_1h_dn	NA	viability	Respiratory System	Lung
APR_HepG2_p53Act_1h_dn	NA	viability	Digestive System	Stomach
APR_HepG2_p53Act_1h_up	NA	viability	Immune System	Immune System
APR_HepG2_p53Act_1h_up	NA	viability	Digestive System	Liver
APR_HepG2_p53Act_1h_up	NA	viability	Respiratory System	Lung
APR_HepG2_p53Act_1h_up	NA	viability	Digestive System	Stomach
APR_HepG2_StressKinase_1h_dn	NA	tissue	Digestive System	Liver
APR_HepG2_StressKinase_1h_up	NA	tissue	Digestive System	Liver
APR_HepG2_CellCycleArrest_24h_dn	NA	tissue	Digestive System	Liver
APR_HepG2_CellCycleArrest_24h_up	NA	tissue	Digestive System	Liver
APR_HepG2_CellLoss_24h_dn	NA	tissue	Digestive System	Liver
APR_HepG2_CellLoss_24h_up	NA	tissue	Digestive System	Liver
APR_HepG2_MicrotubuleCSK_24h_dn	NA	tissue	Digestive System	Liver
APR_HepG2_MicrotubuleCSK_24h_up	NA	tissue	Digestive System	Liver
APR_HepG2_MitoMass_24h_dn	NA	tissue	Digestive System	Liver
APR_HepG2_MitoMass_24h_up	NA	tissue	Digestive System	Liver
APR_HepG2_MitoMembPot_24h_dn	NA	tissue	Digestive System	Liver
APR_HepG2_MitoMembPot_24h_up	NA	tissue	Digestive System	Liver
APR_HepG2_MitoticArrest_24h_dn	NA	tissue	Digestive System	Liver
APR_HepG2_MitoticArrest_24h_up	NA	tissue	Digestive System	Liver
APR_HepG2_NuclearSize_24h_dn	NA	tissue	Digestive System	Liver
APR_HepG2_NuclearSize_24h_up	NA	tissue	Digestive System	Liver
APR_HepG2_OxidativeStress_24h_dn	NA	tissue	Digestive System	Liver
APR_HepG2_OxidativeStress_24h_up	NA	tissue	Digestive System	Liver
APR_HepG2_p53Act_24h_dn	NA	viability	Immune System	Immune System
APR_HepG2_p53Act_24h_dn	NA	viability	Digestive System	Liver
APR_HepG2_p53Act_24h_dn	NA	viability	Respiratory System	Lung
APR_HepG2_p53Act_24h_dn	NA	viability	Digestive System	Stomach
APR_HepG2_p53Act_24h_up	NA	viability	Immune System	Immune System
APR_HepG2_p53Act_24h_up	NA	viability	Digestive System	Liver
APR_HepG2_p53Act_24h_up	NA	viability	Respiratory System	Lung
APR_HepG2_p53Act_24h_up	NA	viability	Digestive System	Stomach
APR_HepG2_StressKinase_24h_dn	NA	tissue	Digestive System	Liver
APR_HepG2_StressKinase_24h_up	NA	tissue	Digestive System	Liver
APR_HepG2_CellCycleArrest_72h_dn	NA	tissue	Digestive System	Liver
APR_HepG2_CellCycleArrest_72h_up	NA	tissue	Digestive System	Liver
APR_HepG2_CellLoss_72h_dn	NA	tissue	Digestive System	Liver
APR_HepG2_CellLoss_72h_up	NA	tissue	Digestive System	Liver
APR_HepG2_MicrotubuleCSK_72h_dn	NA	tissue	Digestive System	Liver
APR_HepG2_MicrotubuleCSK_72h_up	NA	tissue	Digestive System	Liver
APR_HepG2_MitoMass_72h_dn	NA	tissue	Digestive System	Liver
APR_HepG2_MitoMass_72h_up	NA	tissue	Digestive System	Liver
APR_HepG2_MitoMembPot_72h_dn	NA	tissue	Digestive System	Liver
APR_HepG2_MitoMembPot_72h_up	NA	tissue	Digestive System	Liver
APR_HepG2_MitoticArrest_72h_dn	NA	tissue	Digestive System	Liver
APR_HepG2_MitoticArrest_72h_up	NA	tissue	Digestive System	Liver
APR_HepG2_NuclearSize_72h_dn	NA	tissue	Digestive System	Liver
APR_HepG2_NuclearSize_72h_up	NA	tissue	Digestive System	Liver
APR_HepG2_OxidativeStress_72h_dn	NA	tissue	Digestive System	Liver
APR_HepG2_OxidativeStress_72h_up	NA	tissue	Digestive System	Liver
APR_HepG2_p53Act_72h_dn	NA	viability	Immune System	Immune System
APR_HepG2_p53Act_72h_dn	NA	viability	Digestive System	Liver
APR_HepG2_p53Act_72h_dn	NA	viability	Respiratory System	Lung
APR_HepG2_p53Act_72h_dn	NA	viability	Digestive System	Stomach
APR_HepG2_p53Act_72h_up	NA	viability	Immune System	Immune System
APR_HepG2_p53Act_72h_up	NA	viability	Digestive System	Liver
APR_HepG2_p53Act_72h_up	NA	viability	Respiratory System	Lung
APR_HepG2_p53Act_72h_up	NA	viability	Digestive System	Stomach
APR_HepG2_StressKinase_72h_dn	NA	tissue	Digestive System	Liver
APR_HepG2_StressKinase_72h_up	NA	tissue	Digestive System	Liver
ATG_Ahr_CIS_up	AHR	gene target	NA	NA
ATG_AP_1_CIS_up	JUN	gene target	NA	NA
ATG_AP_1_CIS_up	JUN	gene target	NA	NA
ATG_AP_2_CIS_up	TFAP2D	gene target	NA	NA
ATG_AP_2_CIS_up	TFAP2D	gene target	NA	NA
ATG_AP_2_CIS_up	TFAP2D	gene target	NA	NA
ATG_BRE_CIS_up	SMAD1	gene target	NA	NA
ATG_C_EBP_CIS_up	CEBPB	gene target	NA	NA
ATG_CMV_CIS_up	NA	gene target	NA	NA
ATG_CRE_CIS_up	CREB3	gene target	NA	NA
ATG_DR4_LXR_CIS_up	NR1H3	gene target	NA	NA
ATG_DR4_LXR_CIS_up	NR1H3	gene target	NA	NA
ATG_DR5_CIS_up	RARG	gene target	NA	NA
ATG_DR5_CIS_up	RARG	gene target	NA	NA
ATG_DR5_CIS_up	RARG	gene target	NA	NA
ATG_E_Box_CIS_up	USF1	gene target	NA	NA
ATG_E2F_CIS_up	E2F1	gene target	NA	NA
ATG_EGR_CIS_up	EGR1	gene target	NA	NA
ATG_ERE_CIS_up	ESR1	gene target	NA	NA
ATG_Ets_CIS_up	ETS1	gene target	NA	NA
ATG_FoxA2_CIS_up	FOXA2	gene target	NA	NA
ATG_FoxO_CIS_up	FOXO3	gene target	NA	NA
ATG_FoxO_CIS_up	FOXO3	gene target	NA	NA
ATG_GATA_CIS_up	GATA1	gene target	NA	NA
ATG_GLI_CIS_up	GLI1	gene target	NA	NA
ATG_GRE_CIS_up	NR3C1	gene target	NA	NA
ATG_HIF1a_CIS_up	HIF1A	gene target	NA	NA
ATG_HNF6_CIS_up	ONECUT1	gene target	NA	NA
ATG_HSE_CIS_up	HSF1	gene target	NA	NA
ATG_IR1_CIS_up	NR1H4	gene target	NA	NA
ATG_ISRE_CIS_up	IRF1	gene target	NA	NA
ATG_M_06_CIS_up	NA	gene target	NA	NA
ATG_M_19_CIS_up	NA	gene target	NA	NA
ATG_M_32_CIS_up	NA	gene target	NA	NA
ATG_M_61_CIS_up	NA	gene target	NA	NA
ATG_MRE_CIS_up	MTF1	gene target	NA	NA
ATG_Myb_CIS_up	MYB	gene target	NA	NA
ATG_Myc_CIS_up	MYC	gene target	NA	NA
ATG_NF_kB_CIS_up	NFKB1	gene target	NA	NA
ATG_NFI_CIS_up	NFIA	gene target	NA	NA
ATG_NRF1_CIS_up	NRF1	gene target	NA	NA
ATG_NRF2_ARE_CIS_up	NFE2L2	gene target	NA	NA
ATG_Oct_MLP_CIS_up	POU2F1	gene target	NA	NA
ATG_p53_CIS_up	TP53	gene target	NA	NA
ATG_Pax6_CIS_up	PAX6	gene target	NA	NA
ATG_PBREM_CIS_up	NR1I3	gene target	NA	NA
ATG_PPRE_CIS_up	PPARG	gene target	NA	NA
ATG_PPRE_CIS_up	PPARG	gene target	NA	NA
ATG_PPRE_CIS_up	PPARG	gene target	NA	NA
ATG_PXRE_CIS_up	NR1I2	gene target	NA	NA
ATG_RORE_CIS_up	RORC	gene target	NA	NA
ATG_RORE_CIS_up	RORC	gene target	NA	NA
ATG_RORE_CIS_up	RORC	gene target	NA	NA
ATG_Sox_CIS_up	SOX1	gene target	NA	NA
ATG_Sp1_CIS_up	SP1	gene target	NA	NA
ATG_SREBP_CIS_up	SREBF1	gene target	NA	NA
ATG_STAT3_CIS_up	STAT3	gene target	NA	NA
ATG_TA_CIS_up	NA	gene target	NA	NA
ATG_TAL_CIS_up	NA	gene target	NA	NA
ATG_TCF_b_cat_CIS_up	TCF7L1	gene target	NA	NA
ATG_TCF_b_cat_CIS_up	TCF7L1	gene target	NA	NA
ATG_TCF_b_cat_CIS_up	TCF7L1	gene target	NA	NA
ATG_TCF_b_cat_CIS_up	TCF7L1	gene target	NA	NA
ATG_TGFb_CIS_up	TGFBR1	gene target	NA	NA
ATG_TGFb_CIS_up	TGFBR1	gene target	NA	NA
ATG_VDRE_CIS_up	VDR	gene target	NA	NA
ATG_Xbp1_CIS_up	XBP1	gene target	NA	NA
ATG_AR_TRANS_up	AR	gene target	NA	NA
ATG_CAR_TRANS_up	NR1I3	gene target	NA	NA
ATG_ERa_TRANS_up	ESR1	gene target	NA	NA
ATG_ERRa_TRANS_up	ESRRA	gene target	NA	NA
ATG_ERRg_TRANS_up	ESRRG	gene target	NA	NA
ATG_FXR_TRANS_up	NR1H4	gene target	NA	NA
ATG_GAL4_TRANS_up	NA	gene target	NA	NA
ATG_GR_TRANS_up	NR3C1	gene target	NA	NA
ATG_HNF4a_TRANS_up	HNF4A	gene target	NA	NA
ATG_Hpa5_TRANS_up	NA	gene target	NA	NA
ATG_LXRa_TRANS_up	NR1H3	gene target	NA	NA
ATG_LXRb_TRANS_up	NR1H2	gene target	NA	NA
ATG_M_06_TRANS_up	NA	gene target	NA	NA
ATG_M_19_TRANS_up	NA	gene target	NA	NA
ATG_M_32_TRANS_up	NA	gene target	NA	NA
ATG_M_61_TRANS_up	NA	gene target	NA	NA
ATG_NURR1_TRANS_up	NR4A2	gene target	NA	NA
ATG_PPARa_TRANS_up	PPARA	gene target	NA	NA
ATG_PPARd_TRANS_up	PPARD	gene target	NA	NA
ATG_PPARg_TRANS_up	PPARG	gene target	NA	NA
ATG_PXR_TRANS_up	NR1I2	gene target	NA	NA
ATG_RARa_TRANS_up	RARA	gene target	NA	NA
ATG_RARb_TRANS_up	RARB	gene target	NA	NA
ATG_RARg_TRANS_up	RARG	gene target	NA	NA
ATG_RORb_TRANS_up	RORB	gene target	NA	NA
ATG_RORg_TRANS_up	RORC	gene target	NA	NA
ATG_RXRa_TRANS_up	RXRA	gene target	NA	NA
ATG_RXRb_TRANS_up	RXRB	gene target	NA	NA
ATG_THRa1_TRANS_up	THRA	gene target	NA	NA
ATG_VDR_TRANS_up	VDR	gene target	NA	NA
BSK_3C_Eselectin_down	NA	tissue	Cardiovascular System	Vascular
BSK_3C_Eselectin_up	NA	tissue	Cardiovascular System	Vascular
BSK_3C_HLADR_down	NA	tissue	Cardiovascular System	Vascular
BSK_3C_HLADR_up	NA	tissue	Cardiovascular System	Vascular
BSK_3C_ICAM1_down	NA	tissue	Cardiovascular System	Vascular
BSK_3C_ICAM1_up	NA	tissue	Cardiovascular System	Vascular
BSK_3C_IL8_down	NA	tissue	Cardiovascular System	Vascular
BSK_3C_IL8_up	NA	tissue	Cardiovascular System	Vascular
BSK_3C_MCP1_down	NA	tissue	Cardiovascular System	Vascular
BSK_3C_MCP1_up	NA	tissue	Cardiovascular System	Vascular
BSK_3C_MIG_down	NA	tissue	Cardiovascular System	Vascular
BSK_3C_MIG_up	NA	tissue	Cardiovascular System	Vascular
BSK_3C_Proliferation_down	NA	tissue	Cardiovascular System	Vascular
BSK_3C_Proliferation_up	NA	tissue	Cardiovascular System	Vascular
BSK_3C_SRB_down	NA	tissue	Cardiovascular System	Vascular
BSK_3C_SRB_up	NA	tissue	Cardiovascular System	Vascular
BSK_3C_Thrombomodulin_down	NA	tissue	Cardiovascular System	Vascular
BSK_3C_Thrombomodulin_up	NA	tissue	Cardiovascular System	Vascular
BSK_3C_TissueFactor_down	NA	tissue	Cardiovascular System	Vascular
BSK_3C_TissueFactor_up	NA	tissue	Cardiovascular System	Vascular
BSK_3C_uPAR_down	NA	tissue	Cardiovascular System	Vascular
BSK_3C_uPAR_up	NA	tissue	Cardiovascular System	Vascular
BSK_3C_VCAM1_down	NA	tissue	Cardiovascular System	Vascular
BSK_3C_VCAM1_up	NA	tissue	Cardiovascular System	Vascular
BSK_3C_Vis_down	NA	tissue	Cardiovascular System	Vascular
BSK_3C_Vis_up	NA	tissue	Cardiovascular System	Vascular
BSK_4H_Eotaxin3_down	NA	tissue	Cardiovascular System	Vascular
BSK_4H_Eotaxin3_up	NA	tissue	Cardiovascular System	Vascular
BSK_4H_MCP1_down	NA	tissue	Cardiovascular System	Vascular
BSK_4H_MCP1_up	NA	tissue	Cardiovascular System	Vascular
BSK_4H_Pselectin_down	NA	tissue	Cardiovascular System	Vascular
BSK_4H_Pselectin_up	NA	tissue	Cardiovascular System	Vascular
BSK_4H_SRB_down	NA	tissue	Cardiovascular System	Vascular
BSK_4H_SRB_up	NA	tissue	Cardiovascular System	Vascular
BSK_4H_uPAR_down	NA	tissue	Cardiovascular System	Vascular
BSK_4H_uPAR_up	NA	tissue	Cardiovascular System	Vascular
BSK_4H_VCAM1_down	NA	tissue	Cardiovascular System	Vascular
BSK_4H_VCAM1_up	NA	tissue	Cardiovascular System	Vascular
BSK_4H_VEGFRII_down	NA	tissue	Cardiovascular System	Vascular
BSK_4H_VEGFRII_up	NA	tissue	Cardiovascular System	Vascular
BSK_BE3C_HLADR_down	NA	tissue	Respiratory System	Lung
BSK_BE3C_HLADR_up	NA	tissue	Respiratory System	Lung
BSK_BE3C_IL1a_down	NA	tissue	Respiratory System	Lung
BSK_BE3C_IL1a_up	NA	tissue	Respiratory System	Lung
BSK_BE3C_IP10_down	NA	tissue	Respiratory System	Lung
BSK_BE3C_IP10_up	NA	tissue	Respiratory System	Lung
BSK_BE3C_MIG_down	NA	tissue	Respiratory System	Lung
BSK_BE3C_MIG_up	NA	tissue	Respiratory System	Lung
BSK_BE3C_MMP1_down	NA	tissue	Respiratory System	Lung
BSK_BE3C_MMP1_up	NA	tissue	Respiratory System	Lung
BSK_BE3C_PAI1_down	NA	tissue	Respiratory System	Lung
BSK_BE3C_PAI1_up	NA	tissue	Respiratory System	Lung
BSK_BE3C_SRB_down	NA	tissue	Respiratory System	Lung
BSK_BE3C_SRB_up	NA	tissue	Respiratory System	Lung
BSK_BE3C_TGFb1_down	NA	tissue	Respiratory System	Lung
BSK_BE3C_TGFb1_up	NA	tissue	Respiratory System	Lung
BSK_BE3C_tPA_down	NA	tissue	Respiratory System	Lung
BSK_BE3C_tPA_up	NA	tissue	Respiratory System	Lung
BSK_BE3C_uPA_down	NA	tissue	Respiratory System	Lung
BSK_BE3C_uPA_up	NA	tissue	Respiratory System	Lung
BSK_BE3C_uPAR_down	NA	tissue	Respiratory System	Lung
BSK_BE3C_uPAR_up	NA	tissue	Respiratory System	Lung
BSK_CASM3C_HLADR_down	NA	tissue	Cardiovascular System	Vascular
BSK_CASM3C_HLADR_up	NA	tissue	Cardiovascular System	Vascular
BSK_CASM3C_IL6_down	NA	tissue	Cardiovascular System	Vascular
BSK_CASM3C_IL6_up	NA	tissue	Cardiovascular System	Vascular
BSK_CASM3C_IL8_down	NA	tissue	Cardiovascular System	Vascular
BSK_CASM3C_IL8_up	NA	tissue	Cardiovascular System	Vascular
BSK_CASM3C_LDLR_down	NA	tissue	Cardiovascular System	Vascular
BSK_CASM3C_LDLR_up	NA	tissue	Cardiovascular System	Vascular
BSK_CASM3C_MCP1_down	NA	tissue	Cardiovascular System	Vascular
BSK_CASM3C_MCP1_up	NA	tissue	Cardiovascular System	Vascular
BSK_CASM3C_MCSF_down	NA	tissue	Cardiovascular System	Vascular
BSK_CASM3C_MCSF_up	NA	tissue	Cardiovascular System	Vascular
BSK_CASM3C_MIG_down	NA	tissue	Cardiovascular System	Vascular
BSK_CASM3C_MIG_up	NA	tissue	Cardiovascular System	Vascular
BSK_CASM3C_Proliferation_down	NA	tissue	Cardiovascular System	Vascular
BSK_CASM3C_Proliferation_up	NA	tissue	Cardiovascular System	Vascular
BSK_CASM3C_SAA_down	NA	tissue	Cardiovascular System	Vascular
BSK_CASM3C_SAA_up	NA	tissue	Cardiovascular System	Vascular
BSK_CASM3C_SRB_down	NA	tissue	Cardiovascular System	Vascular
BSK_CASM3C_SRB_up	NA	tissue	Cardiovascular System	Vascular
BSK_CASM3C_Thrombomodulin_down	NA	tissue	Cardiovascular System	Vascular
BSK_CASM3C_Thrombomodulin_up	NA	tissue	Cardiovascular System	Vascular
BSK_CASM3C_TissueFactor_down	NA	tissue	Cardiovascular System	Vascular
BSK_CASM3C_TissueFactor_up	NA	tissue	Cardiovascular System	Vascular
BSK_CASM3C_uPAR_down	NA	tissue	Cardiovascular System	Vascular
BSK_CASM3C_uPAR_up	NA	tissue	Cardiovascular System	Vascular
BSK_CASM3C_VCAM1_down	NA	tissue	Cardiovascular System	Vascular
BSK_CASM3C_VCAM1_up	NA	tissue	Cardiovascular System	Vascular
BSK_hDFCGF_CollagenIII_down	NA	tissue	Integumentary System	Skin
BSK_hDFCGF_CollagenIII_up	NA	tissue	Integumentary System	Skin
BSK_hDFCGF_EGFR_down	NA	tissue	Integumentary System	Skin
BSK_hDFCGF_EGFR_up	NA	tissue	Integumentary System	Skin
BSK_hDFCGF_IL8_down	NA	tissue	Integumentary System	Skin
BSK_hDFCGF_IL8_up	NA	tissue	Integumentary System	Skin
BSK_hDFCGF_IP10_down	NA	tissue	Integumentary System	Skin
BSK_hDFCGF_IP10_up	NA	tissue	Integumentary System	Skin
BSK_hDFCGF_MCSF_down	NA	tissue	Integumentary System	Skin
BSK_hDFCGF_MCSF_up	NA	tissue	Integumentary System	Skin
BSK_hDFCGF_MIG_down	NA	tissue	Integumentary System	Skin
BSK_hDFCGF_MIG_up	NA	tissue	Integumentary System	Skin
BSK_hDFCGF_MMP1_down	NA	tissue	Integumentary System	Skin
BSK_hDFCGF_MMP1_up	NA	tissue	Integumentary System	Skin
BSK_hDFCGF_PAI1_down	NA	tissue	Integumentary System	Skin
BSK_hDFCGF_PAI1_up	NA	tissue	Integumentary System	Skin
BSK_hDFCGF_Proliferation_down	NA	tissue	Integumentary System	Skin
BSK_hDFCGF_Proliferation_up	NA	tissue	Integumentary System	Skin
BSK_hDFCGF_SRB_down	NA	tissue	Integumentary System	Skin
BSK_hDFCGF_SRB_up	NA	tissue	Integumentary System	Skin
BSK_hDFCGF_TIMP1_down	NA	tissue	Integumentary System	Skin
BSK_hDFCGF_TIMP1_up	NA	tissue	Integumentary System	Skin
BSK_hDFCGF_VCAM1_down	NA	tissue	Integumentary System	Skin
BSK_hDFCGF_VCAM1_up	NA	tissue	Integumentary System	Skin
BSK_KF3CT_ICAM1_down	NA	tissue	Integumentary System	Skin
BSK_KF3CT_ICAM1_up	NA	tissue	Integumentary System	Skin
BSK_KF3CT_IL1a_down	NA	tissue	Integumentary System	Skin
BSK_KF3CT_IL1a_up	NA	tissue	Integumentary System	Skin
BSK_KF3CT_IP10_down	NA	tissue	Integumentary System	Skin
BSK_KF3CT_IP10_up	NA	tissue	Integumentary System	Skin
BSK_KF3CT_MCP1_down	NA	tissue	Integumentary System	Skin
BSK_KF3CT_MCP1_up	NA	tissue	Integumentary System	Skin
BSK_KF3CT_MMP9_down	NA	tissue	Integumentary System	Skin
BSK_KF3CT_MMP9_up	NA	tissue	Integumentary System	Skin
BSK_KF3CT_SRB_down	NA	tissue	Integumentary System	Skin
BSK_KF3CT_SRB_up	NA	tissue	Integumentary System	Skin
BSK_KF3CT_TGFb1_down	NA	tissue	Integumentary System	Skin
BSK_KF3CT_TGFb1_up	NA	tissue	Integumentary System	Skin
BSK_KF3CT_TIMP2_down	NA	tissue	Integumentary System	Skin
BSK_KF3CT_TIMP2_up	NA	tissue	Integumentary System	Skin
BSK_KF3CT_uPA_down	NA	tissue	Integumentary System	Skin
BSK_KF3CT_uPA_up	NA	tissue	Integumentary System	Skin
BSK_LPS_CD40_down	NA	tissue	Cardiovascular System	Vascular
BSK_LPS_CD40_up	NA	tissue	Cardiovascular System	Vascular
BSK_LPS_Eselectin_down	NA	tissue	Cardiovascular System	Vascular
BSK_LPS_Eselectin_up	NA	tissue	Cardiovascular System	Vascular
BSK_LPS_IL1a_down	NA	tissue	Cardiovascular System	Vascular
BSK_LPS_IL1a_up	NA	tissue	Cardiovascular System	Vascular
BSK_LPS_IL8_down	NA	tissue	Cardiovascular System	Vascular
BSK_LPS_IL8_up	NA	tissue	Cardiovascular System	Vascular
BSK_LPS_MCP1_down	NA	tissue	Cardiovascular System	Vascular
BSK_LPS_MCP1_up	NA	tissue	Cardiovascular System	Vascular
BSK_LPS_MCSF_down	NA	tissue	Cardiovascular System	Vascular
BSK_LPS_MCSF_up	NA	tissue	Cardiovascular System	Vascular
BSK_LPS_PGE2_down	NA	tissue	Cardiovascular System	Vascular
BSK_LPS_PGE2_up	NA	tissue	Cardiovascular System	Vascular
BSK_LPS_SRB_down	NA	tissue	Cardiovascular System	Vascular
BSK_LPS_SRB_up	NA	tissue	Cardiovascular System	Vascular
BSK_LPS_TissueFactor_down	NA	tissue	Cardiovascular System	Vascular
BSK_LPS_TissueFactor_up	NA	tissue	Cardiovascular System	Vascular
BSK_LPS_TNFa_down	NA	tissue	Cardiovascular System	Vascular
BSK_LPS_TNFa_up	NA	tissue	Cardiovascular System	Vascular
BSK_LPS_VCAM1_down	NA	tissue	Cardiovascular System	Vascular
BSK_LPS_VCAM1_up	NA	tissue	Cardiovascular System	Vascular
BSK_SAg_CD38_down	NA	tissue	Cardiovascular System	Vascular
BSK_SAg_CD38_up	NA	tissue	Cardiovascular System	Vascular
BSK_SAg_CD40_down	NA	tissue	Cardiovascular System	Vascular
BSK_SAg_CD40_up	NA	tissue	Cardiovascular System	Vascular
BSK_SAg_CD69_down	NA	tissue	Cardiovascular System	Vascular
BSK_SAg_CD69_up	NA	tissue	Cardiovascular System	Vascular
BSK_SAg_Eselectin_down	NA	tissue	Cardiovascular System	Vascular
BSK_SAg_Eselectin_up	NA	tissue	Cardiovascular System	Vascular
BSK_SAg_IL8_down	NA	tissue	Cardiovascular System	Vascular
BSK_SAg_IL8_up	NA	tissue	Cardiovascular System	Vascular
BSK_SAg_MCP1_down	NA	tissue	Cardiovascular System	Vascular
BSK_SAg_MCP1_up	NA	tissue	Cardiovascular System	Vascular
BSK_SAg_MIG_down	NA	tissue	Cardiovascular System	Vascular
BSK_SAg_MIG_up	NA	tissue	Cardiovascular System	Vascular
BSK_SAg_PBMCCytotoxicity_down	NA	tissue	Cardiovascular System	Vascular
BSK_SAg_PBMCCytotoxicity_up	NA	tissue	Cardiovascular System	Vascular
BSK_SAg_Proliferation_down	NA	tissue	Cardiovascular System	Vascular
BSK_SAg_Proliferation_up	NA	tissue	Cardiovascular System	Vascular
BSK_SAg_SRB_down	NA	tissue	Cardiovascular System	Vascular
BSK_SAg_SRB_up	NA	tissue	Cardiovascular System	Vascular
NVS_ADME_hCYP19A1	CYP19A1	gene target	NA	NA
NVS_ADME_hCYP1A1	CYP1A1	gene target	NA	NA
NVS_ADME_hCYP1A2	CYP1A2	gene target	NA	NA
NVS_ADME_hCYP1B1	CYP1B1	gene target	NA	NA
NVS_ADME_hCYP2A6	CYP2A6	gene target	NA	NA
NVS_ADME_hCYP2B6	CYP2B6	gene target	NA	NA
NVS_ADME_hCYP2C18	CYP2C18	gene target	NA	NA
NVS_ADME_hCYP2C19	CYP2C19	gene target	NA	NA
NVS_ADME_hCYP2C8	CYP2C8	gene target	NA	NA
NVS_ADME_hCYP2C9	CYP2C9	gene target	NA	NA
NVS_ADME_hCYP2D6	CYP2D6	gene target	NA	NA
NVS_ADME_hCYP2E1	CYP2E1	gene target	NA	NA
NVS_ADME_hCYP2J2	CYP2J2	gene target	NA	NA
NVS_ADME_hCYP3A4	CYP3A4	gene target	NA	NA
NVS_ADME_hCYP3A5	CYP3A5	gene target	NA	NA
NVS_ADME_hCYP4F12	CYP4F12	gene target	NA	NA
NVS_ADME_rCYP1A1	CYP1A1	gene target	NA	NA
NVS_ADME_rCYP1A2	CYP1A2	gene target	NA	NA
NVS_ADME_rCYP2C11	CYP2C11	gene target	NA	NA
NVS_ADME_rCYP2C6	CYP2C6V1	gene target	NA	NA
NVS_ADME_rCYP2E1	CYP2E1	gene target	NA	NA
NVS_ADME_rCYP3A1	3A1	gene target	NA	NA
NVS_ADME_rCYP3A1	3A1	gene target	NA	NA
NVS_ENZ_hAbl	ABL1	gene target	NA	NA
NVS_ENZ_hAChE	ACHE	gene target	NA	NA
NVS_ENZ_hACP1	ACP1	gene target	NA	NA
NVS_ENZ_hAKT1	AKT1	gene target	NA	NA
NVS_ENZ_hAKT2	AKT2	gene target	NA	NA
NVS_ENZ_hAKT3	AKT3	gene target	NA	NA
NVS_ENZ_hAMPKa1	PRKAA1	gene target	NA	NA
NVS_ENZ_hAurA	AURKA	gene target	NA	NA
NVS_ENZ_hBACE	BACE1	gene target	NA	NA
NVS_ENZ_hBTK	BTK	gene target	NA	NA
NVS_ENZ_hCASP1	CASP1	gene target	NA	NA
NVS_ENZ_hCASP10	CASP10	gene target	NA	NA
NVS_ENZ_hCASP2	CASP2	gene target	NA	NA
NVS_ENZ_hCASP3	CASP3	gene target	NA	NA
NVS_ENZ_hCASP4	CASP4	gene target	NA	NA
NVS_ENZ_hCASP5	CASP5	gene target	NA	NA
NVS_ENZ_hCASP8	CASP8	gene target	NA	NA
NVS_ENZ_hCDK2	CDK2	gene target	NA	NA
NVS_ENZ_hCDK6	CDK6	gene target	NA	NA
NVS_ENZ_hCHK1	CHEK1	gene target	NA	NA
NVS_ENZ_hCK1a	CSNK1A1	gene target	NA	NA
NVS_ENZ_hCK1D	CSNK1D	gene target	NA	NA
NVS_ENZ_hCK2a2b2	CSNK2A1	gene target	NA	NA
NVS_ENZ_hCSF1R	CSF1R	gene target	NA	NA
NVS_ENZ_hDUSP3	DUSP3	gene target	NA	NA
NVS_ENZ_hEGFR	EGFR	gene target	NA	NA
NVS_ENZ_hElastase	ELANE	gene target	NA	NA
NVS_ENZ_hEphA1	EPHA1	gene target	NA	NA
NVS_ENZ_hEphA2	EPHA2	gene target	NA	NA
NVS_ENZ_hEphB1	EPHB1	gene target	NA	NA
NVS_ENZ_hEphB2	EPHB2	gene target	NA	NA
NVS_ENZ_hES	BCHE	gene target	NA	NA
NVS_ENZ_hFGFR1	FGFR1	gene target	NA	NA
NVS_ENZ_hFGFR3	FGFR3	gene target	NA	NA
NVS_ENZ_hFyn	FYN	gene target	NA	NA
NVS_ENZ_hGSK3b	GSK3B	gene target	NA	NA
NVS_ENZ_hHDAC3	HDAC3	gene target	NA	NA
NVS_ENZ_hHDAC6	HDAC6	gene target	NA	NA
NVS_ENZ_hIGF1R	IGF1R	gene target	NA	NA
NVS_ENZ_hIKKa	CHUK	gene target	NA	NA
NVS_ENZ_hInsR	INSR	gene target	NA	NA
NVS_ENZ_hIRAK4	IRAK4	gene target	NA	NA
NVS_ENZ_hJak2	JAK2	gene target	NA	NA
NVS_ENZ_hJNK2	MAPK9	gene target	NA	NA
NVS_ENZ_hLck	LCK	gene target	NA	NA
NVS_ENZ_hLynA	LYN	gene target	NA	NA
NVS_ENZ_hLynB	LYN	gene target	NA	NA
NVS_ENZ_hMAPK1	MAPK1	gene target	NA	NA
NVS_ENZ_hMAPK11	MAPK11	gene target	NA	NA
NVS_ENZ_hMAPK3	MAPK3	gene target	NA	NA
NVS_ENZ_hMAPKAPK2	MAPKAPK2	gene target	NA	NA
NVS_ENZ_hMAPKAPK5	MAPKAPK5	gene target	NA	NA
NVS_ENZ_hMARK1	MARK1	gene target	NA	NA
NVS_ENZ_hMet	MET	gene target	NA	NA
NVS_ENZ_hMMP1	MMP1	gene target	NA	NA
NVS_ENZ_hMMP13	MMP13	gene target	NA	NA
NVS_ENZ_hMMP2	MMP2	gene target	NA	NA
NVS_ENZ_hMMP3	MMP3	gene target	NA	NA
NVS_ENZ_hMMP7	MMP7	gene target	NA	NA
NVS_ENZ_hMMP9	MMP9	gene target	NA	NA
NVS_ENZ_hMsk1	RPS6KA5	gene target	NA	NA
NVS_ENZ_hNEK2	NEK2	gene target	NA	NA
NVS_ENZ_hPAK2	PAK2	gene target	NA	NA
NVS_ENZ_hPAK4	PAK4	gene target	NA	NA
NVS_ENZ_hPDE10	PDE10A	gene target	NA	NA
NVS_ENZ_hPDE4A1	PDE4A	gene target	NA	NA
NVS_ENZ_hPDE5	PDE5A	gene target	NA	NA
NVS_ENZ_hPI3Ka	PIK3CA	gene target	NA	NA
NVS_ENZ_hPKA	PRKACA	gene target	NA	NA
NVS_ENZ_hPKCz	PRKCZ	gene target	NA	NA
NVS_ENZ_hPKD2	PRKD2	gene target	NA	NA
NVS_ENZ_hPPM1A	PPM1A	gene target	NA	NA
NVS_ENZ_hPPP1CA	PPP1CA	gene target	NA	NA
NVS_ENZ_hPPP2CA	PPP2CA	gene target	NA	NA
NVS_ENZ_hPTEN	PTEN	gene target	NA	NA
NVS_ENZ_hPTPN1	PTPN1	gene target	NA	NA
NVS_ENZ_hPTPN11	PTPN11	gene target	NA	NA
NVS_ENZ_hPTPN12	PTPN12	gene target	NA	NA
NVS_ENZ_hPTPN13	PTPN13	gene target	NA	NA
NVS_ENZ_hPTPN14	PTPN14	gene target	NA	NA
NVS_ENZ_hPTPN2	PTPN2	gene target	NA	NA
NVS_ENZ_hPTPN4	PTPN4	gene target	NA	NA
NVS_ENZ_hPTPN6	PTPN6	gene target	NA	NA
NVS_ENZ_hPTPN9	PTPN9	gene target	NA	NA
NVS_ENZ_hPTPRB	PTPRB	gene target	NA	NA
NVS_ENZ_hPTPRC	PTPRC	gene target	NA	NA
NVS_ENZ_hPTPRF	PTPRF	gene target	NA	NA
NVS_ENZ_hPTPRM	PTPRM	gene target	NA	NA
NVS_ENZ_hRAF1	RAF1	gene target	NA	NA
NVS_ENZ_hROCK1	ROCK1	gene target	NA	NA
NVS_ENZ_hSGK1	SGK1	gene target	NA	NA
NVS_ENZ_hSIRT1	SIRT1	gene target	NA	NA
NVS_ENZ_hSIRT2	SIRT2	gene target	NA	NA
NVS_ENZ_hSIRT3	SIRT3	gene target	NA	NA
NVS_ENZ_hSRC	SRC	gene target	NA	NA
NVS_ENZ_hSyk	SYK	gene target	NA	NA
NVS_ENZ_hTie2	TEK	gene target	NA	NA
NVS_ENZ_hTrkA	NTRK1	gene target	NA	NA
NVS_ENZ_hVEGFR1	FLT1	gene target	NA	NA
NVS_ENZ_hVEGFR2	KDR	gene target	NA	NA
NVS_ENZ_hVEGFR3	FLT4	gene target	NA	NA
NVS_ENZ_hZAP70	ZAP70	gene target	NA	NA
NVS_ENZ_oCOX1	PTGS1	gene target	NA	NA
NVS_ENZ_oCOX2	PTGS2	gene target	NA	NA
NVS_ENZ_pMTHFR	MTHFR	gene target	NA	NA
NVS_ENZ_rabI2C	CKB	gene target	NA	NA
NVS_ENZ_rACFSKBinding	ADCY5	gene target	NA	NA
NVS_ENZ_rAChE	ACHE	gene target	NA	NA
NVS_ENZ_rCNOS	NOS1	gene target	NA	NA
NVS_ENZ_rCOMT	COMT	gene target	NA	NA
NVS_ENZ_hDYRK1a	DYRK1A	gene target	NA	NA
NVS_ENZ_rMAOAC	MAOA	gene target	NA	NA
NVS_ENZ_rMAOAP	MAOA	gene target	NA	NA
NVS_ENZ_rMAOBC	MAOB	gene target	NA	NA
NVS_ENZ_rMAOBP	MAOB	gene target	NA	NA
NVS_GPCR_bAdoR_NonSelective	ADORA1	gene target	NA	NA
NVS_GPCR_bAT2	AGTR2	gene target	NA	NA
NVS_GPCR_bDR_NonSelective	DRD1	gene target	NA	NA
NVS_GPCR_bH1	HRH1	gene target	NA	NA
NVS_GPCR_bNPY_NonSelective	NPY	gene target	NA	NA
NVS_GPCR_g5HT4	HTR4	gene target	NA	NA
NVS_GPCR_gANPA	NPPA	gene target	NA	NA
NVS_GPCR_gBK2	BDKRB2	gene target	NA	NA
NVS_GPCR_gH2	HRH2	gene target	NA	NA
NVS_GPCR_gLTB4	LTB4R	gene target	NA	NA
NVS_GPCR_gLTD4	CYSLTR1	gene target	NA	NA
NVS_GPCR_gMPeripheral_NonSelective	CHRM3	gene target	NA	NA
NVS_GPCR_gOpiateK	OPRK1	gene target	NA	NA
NVS_GPCR_h5HT2A	HTR2A	gene target	NA	NA
NVS_GPCR_h5HT5A	HTR5A	gene target	NA	NA
NVS_GPCR_h5HT6	HTR6	gene target	NA	NA
NVS_GPCR_h5HT7	HTR7	gene target	NA	NA
NVS_GPCR_hAdoRA1	ADORA1	gene target	NA	NA
NVS_GPCR_hAdoRA2a	ADORA2A	gene target	NA	NA
NVS_GPCR_hAdra2A	ADRA2A	gene target	NA	NA
NVS_GPCR_hAdra2C	ADRA2C	gene target	NA	NA
NVS_GPCR_hAdrb1	ADRB1	gene target	NA	NA
NVS_GPCR_hAdrb2	ADRB2	gene target	NA	NA
NVS_GPCR_hAdrb3	ADRB3	gene target	NA	NA
NVS_GPCR_hAT1	AGTR1	gene target	NA	NA
NVS_GPCR_hC5a	C5AR1	gene target	NA	NA
NVS_GPCR_hDRD1	DRD1	gene target	NA	NA
NVS_GPCR_hDRD2s	DRD2	gene target	NA	NA
NVS_GPCR_hDRD4.4	DRD4	gene target	NA	NA
NVS_GPCR_hETA	EDNRA	gene target	NA	NA
NVS_GPCR_hETB	EDNRB	gene target	NA	NA
NVS_GPCR_hH1	HRH1	gene target	NA	NA
NVS_GPCR_hLTB4_BLT1	LTB4R	gene target	NA	NA
NVS_GPCR_hM1	CHRM1	gene target	NA	NA
NVS_GPCR_hM2	CHRM2	gene target	NA	NA
NVS_GPCR_hM3	CHRM3	gene target	NA	NA
NVS_GPCR_hM4	CHRM4	gene target	NA	NA
NVS_GPCR_hM5	CHRM5	gene target	NA	NA
NVS_GPCR_hNK2	TACR2	gene target	NA	NA
NVS_GPCR_hNPY1	NPY1R	gene target	NA	NA
NVS_GPCR_hNPY2	NPY2R	gene target	NA	NA
NVS_GPCR_hNTS	NTSR1	gene target	NA	NA
NVS_GPCR_hOpiate_D1	OPRD1	gene target	NA	NA
NVS_GPCR_hOpiate_mu	OPRM1	gene target	NA	NA
NVS_GPCR_hORL1	OPRL1	gene target	NA	NA
NVS_GPCR_hPY2	P2RY1	gene target	NA	NA
NVS_GPCR_hTXA2	TBXA2R	gene target	NA	NA
NVS_GPCR_hV1A	AVPR1A	gene target	NA	NA
NVS_GPCR_mCCKAPeripheral	CCKAR	gene target	NA	NA
NVS_GPCR_mCKKBCentral	CCKBR	gene target	NA	NA
NVS_GPCR_p5HT2C	HTR2C	gene target	NA	NA
NVS_GPCR_r5HT_NonSelective	HTR1A	gene target	NA	NA
NVS_GPCR_r5HT1_NonSelective	HTR1A	gene target	NA	NA
NVS_GPCR_rabPAF	PTAFR	gene target	NA	NA
NVS_GPCR_rAdra1_NonSelective	ADRA1A	gene target	NA	NA
NVS_GPCR_rAdra1A	ADRA1A	gene target	NA	NA
NVS_GPCR_rAdra1B	ADRA1B	gene target	NA	NA
NVS_GPCR_rAdra2_NonSelective	ADRA2A	gene target	NA	NA
NVS_GPCR_rAdrb_NonSelective	ADRB1	gene target	NA	NA
NVS_GPCR_rCRF	CRHR1	gene target	NA	NA
NVS_GPCR_rGABBR	GABBR1	gene target	NA	NA
NVS_GPCR_rGalanin	GALR1	gene target	NA	NA
NVS_GPCR_rGHB	TSPAN17	gene target	NA	NA
NVS_GPCR_rH3	HRH3	gene target	NA	NA
NVS_GPCR_rmAdra2B	ADRA2B	gene target	NA	NA
NVS_GPCR_rmMGluR1	GRM1	gene target	NA	NA
NVS_GPCR_rmMGluR5	GRM5	gene target	NA	NA
NVS_GPCR_rNK1	TACR1	gene target	NA	NA
NVS_GPCR_rNK3	TACR3	gene target	NA	NA
NVS_GPCR_rNTS	NTSR1	gene target	NA	NA
NVS_GPCR_rOpiate_NonSelective	OPRM1	gene target	NA	NA
NVS_GPCR_rOpiate_NonSelectiveNa	OPRM1	gene target	NA	NA
NVS_GPCR_rOXT	OXTR	gene target	NA	NA
NVS_GPCR_rSST	SSTR1	gene target	NA	NA
NVS_GPCR_rTRH	TRHR	gene target	NA	NA
NVS_GPCR_rV1	AVPR1A	gene target	NA	NA
NVS_GPCR_rVIP_NonSelective	VIPR1	gene target	NA	NA
NVS_IC_hKhERGCh	KCNH2	gene target	NA	NA
NVS_IC_rCaBTZCHL	CACNA1A	gene target	NA	NA
NVS_IC_rCaChN	CACNA1B	gene target	NA	NA
NVS_IC_rCaDHPRCh_L	CACNA1A	gene target	NA	NA
NVS_IC_rKAR	GRIK1	gene target	NA	NA
NVS_IC_rKATPCh	KCNJ1	gene target	NA	NA
NVS_IC_rKCaCh	KCNN1	gene target	NA	NA
NVS_IC_rNaCh_site2	SCN1A	gene target	NA	NA
NVS_LGIC_bGABAR_Agonist	GABRA1	gene target	NA	NA
NVS_LGIC_bGABARa1	GABRA1	gene target	NA	NA
NVS_LGIC_bGABARa5	GABRA5	gene target	NA	NA
NVS_LGIC_h5HT3	HTR3A	gene target	NA	NA
NVS_LGIC_hNNR_NBungSens	CHRNA2	gene target	NA	NA
NVS_LGIC_rAMPA	GRIA1	gene target	NA	NA
NVS_LGIC_rGABAR_NonSelective	GABRA1	gene target	NA	NA
NVS_LGIC_rGABARa6	GABRA6	gene target	NA	NA
NVS_LGIC_rGluNMDA_Agonist	GRIN1	gene target	NA	NA
NVS_LGIC_rGluNMDA_MK801_Agonist	GRIN1	gene target	NA	NA
NVS_LGIC_rGlyRStrySens	GLRA1	gene target	NA	NA
NVS_LGIC_rNNR_BungSens	CHRNA7	gene target	NA	NA
NVS_MP_hPBR	TSPO	gene target	NA	NA
NVS_MP_rPBR	TSPO	gene target	NA	NA
NVS_NR_bER	ESR1	gene target	NA	NA
NVS_NR_bPR	PGR	gene target	NA	NA
NVS_NR_cAR	AR	gene target	NA	NA
NVS_NR_hAR	AR	gene target	NA	NA
NVS_NR_hCAR_Agonist	NR1I3	gene target	NA	NA
NVS_NR_hCAR_Antagonist	NR1I3	gene target	NA	NA
NVS_NR_hER	ESR1	gene target	NA	NA
NVS_NR_hFXR_Agonist	NR1H4	gene target	NA	NA
NVS_NR_hFXR_Antagonist	NR1H4	gene target	NA	NA
NVS_NR_hGR	NR3C1	gene target	NA	NA
NVS_NR_hPPARa	PPARA	gene target	NA	NA
NVS_NR_hPPARg	PPARG	gene target	NA	NA
NVS_NR_hPR	PGR	gene target	NA	NA
NVS_NR_hPXR	NR1I2	gene target	NA	NA
NVS_NR_hRAR_Antagonist	RARA	gene target	NA	NA
NVS_NR_hRARa_Agonist	RARA	gene target	NA	NA
NVS_NR_hTRa_Antagonist	THRA	gene target	NA	NA
NVS_NR_mERa	ESR1	gene target	NA	NA
NVS_NR_rAR	AR	gene target	NA	NA
NVS_NR_rMR	NR3C2	gene target	NA	NA
NVS_OR_gSIGMA_NonSelective	SIGMAR1	gene target	NA	NA
NVS_OR_hFKBP12	FKBP1A	gene target	NA	NA
NVS_TR_gDAT	SLC6A3	gene target	NA	NA
NVS_TR_hAdoT	SLC29A1	gene target	NA	NA
NVS_TR_hDAT	SLC6A3	gene target	NA	NA
NVS_TR_hNET	SLC6A2	gene target	NA	NA
NVS_TR_hSERT	SLC6A4	gene target	NA	NA
NVS_TR_rAdoT	SLC29A1	gene target	NA	NA
NVS_TR_rNET	SLC6A2	gene target	NA	NA
NVS_TR_rSERT	SLC6A4	gene target	NA	NA
NVS_TR_rVMAT2	SLC18A2	gene target	NA	NA
OT_AR_ARELUC_AG_1440	AR	gene target	NA	NA
OT_AR_ARSRC1_0480	AR	gene target	NA	NA
OT_AR_ARSRC1_0960	AR	gene target	NA	NA
OT_ER_ERaERa_0480	ESR1	gene target	NA	NA
OT_ER_ERaERa_1440	ESR1	gene target	NA	NA
OT_ER_ERaERb_0480	ESR2	gene target	NA	NA
OT_ER_ERaERb_0480	ESR2	gene target	NA	NA
OT_ER_ERaERb_1440	ESR2	gene target	NA	NA
OT_ER_ERaERb_1440	ESR2	gene target	NA	NA
OT_ER_ERbERb_0480	ESR2	gene target	NA	NA
OT_ER_ERbERb_1440	ESR2	gene target	NA	NA
OT_ERa_EREGFP_0120	ESR1	gene target	NA	NA
OT_ERa_EREGFP_0480	ESR1	gene target	NA	NA
OT_FXR_FXRSRC1_0480	NR1H4	gene target	NA	NA
OT_FXR_FXRSRC1_1440	NR1H4	gene target	NA	NA
OT_NURR1_NURR1RXRa_0480	RXRA	gene target	NA	NA
OT_NURR1_NURR1RXRa_1440	RXRA	gene target	NA	NA
OT_PPARg_PPARgSRC1_0480	PPARG	gene target	NA	NA
OT_PPARg_PPARgSRC1_1440	PPARG	gene target	NA	NA
TOX21_AR_BLA_Agonist_ratio	AR	gene target	NA	NA
TOX21_AR_BLA_Antagonist_ratio	AR	gene target	NA	NA
TOX21_AR_BLA_Antagonist_viability	NA	viability	Immune System	Immune System
TOX21_AR_BLA_Antagonist_viability	NA	viability	Digestive System	Liver
TOX21_AR_BLA_Antagonist_viability	NA	viability	Respiratory System	Lung
TOX21_AR_BLA_Antagonist_viability	NA	viability	Digestive System	Stomach
TOX21_AR_LUC_MDAKB2_Agonist	AR	gene target	NA	NA
TOX21_Aromatase_Inhibition_viability	NA	viability	Immune System	Immune System
TOX21_Aromatase_Inhibition_viability	NA	viability	Digestive System	Liver
TOX21_Aromatase_Inhibition_viability	NA	viability	Respiratory System	Lung
TOX21_Aromatase_Inhibition_viability	NA	viability	Digestive System	Stomach
TOX21_ELG1_LUC_Agonist	NA	viability	Immune System	Immune System
TOX21_ELG1_LUC_Agonist	NA	viability	Digestive System	Liver
TOX21_ELG1_LUC_Agonist	NA	viability	Respiratory System	Lung
TOX21_ELG1_LUC_Agonist	NA	viability	Digestive System	Stomach
TOX21_ELG1_LUC_Agonist_viability	NA	viability	Immune System	Immune System
TOX21_ELG1_LUC_Agonist_viability	NA	viability	Digestive System	Liver
TOX21_ELG1_LUC_Agonist_viability	NA	viability	Respiratory System	Lung
TOX21_ELG1_LUC_Agonist_viability	NA	viability	Digestive System	Stomach
TOX21_ERa_BLA_Agonist_ratio	ESR1	gene target	NA	NA
TOX21_ERa_BLA_Antagonist_ratio	ESR1	gene target	NA	NA
TOX21_ERa_BLA_Antagonist_viability	NA	viability	Immune System	Immune System
TOX21_ERa_BLA_Antagonist_viability	NA	viability	Digestive System	Liver
TOX21_ERa_BLA_Antagonist_viability	NA	viability	Respiratory System	Lung
TOX21_ERa_BLA_Antagonist_viability	NA	viability	Digestive System	Stomach
TOX21_ERa_LUC_BG1_Agonist	ESR1	gene target	NA	NA
TOX21_GR_BLA_Agonist_ratio	NA	tissue	Urogenital System	Cervix
TOX21_GR_BLA_Antagonist_ratio	NA	tissue	Urogenital System	Cervix
TOX21_GR_BLA_Antagonist_viability	NA	viability	Immune System	Immune System
TOX21_GR_BLA_Antagonist_viability	NA	viability	Digestive System	Liver
TOX21_GR_BLA_Antagonist_viability	NA	viability	Respiratory System	Lung
TOX21_GR_BLA_Antagonist_viability	NA	viability	Digestive System	Stomach
TOX21_MMP_viability	NA	viability	Immune System	Immune System
TOX21_MMP_viability	NA	viability	Digestive System	Liver
TOX21_MMP_viability	NA	viability	Respiratory System	Lung
TOX21_MMP_viability	NA	viability	Digestive System	Stomach
TOX21_PPARg_BLA_Agonist_ratio	PPARG	gene target	NA	NA
TOX21_TR_LUC_GH3_Agonist	THRA	gene target	NA	NA
TOX21_TR_LUC_GH3_Agonist	THRA	gene target	NA	NA
TOX21_TR_LUC_GH3_Agonist	THRA	gene target	NA	NA
TOX21_TR_LUC_GH3_Agonist	THRA	gene target	NA	NA
TOX21_TR_LUC_GH3_Agonist	THRA	gene target	NA	NA
TOX21_TR_LUC_GH3_Antagonist	THRA	gene target	NA	NA
TOX21_TR_LUC_GH3_Antagonist	THRA	gene target	NA	NA
TOX21_TR_LUC_GH3_Antagonist	THRA	gene target	NA	NA
TOX21_TR_LUC_GH3_Antagonist	THRA	gene target	NA	NA
TOX21_TR_LUC_GH3_Antagonist	THRA	gene target	NA	NA
TOX21_TR_LUC_GH3_Antagonist_viability	NA	viability	Immune System	Immune System
TOX21_TR_LUC_GH3_Antagonist_viability	NA	viability	Digestive System	Liver
TOX21_TR_LUC_GH3_Antagonist_viability	NA	viability	Respiratory System	Lung
TOX21_TR_LUC_GH3_Antagonist_viability	NA	viability	Digestive System	Stomach
TOX21_AhR_LUC_Agonist	AHR	gene target	NA	NA
TOX21_AhR_LUC_Agonist_viability	NA	viability	Immune System	Immune System
TOX21_AhR_LUC_Agonist_viability	NA	viability	Digestive System	Liver
TOX21_AhR_LUC_Agonist_viability	NA	viability	Respiratory System	Lung
TOX21_AhR_LUC_Agonist_viability	NA	viability	Digestive System	Stomach
CEETOX_H295R_11DCORT_dn	NR3C2	gene target	NA	NA
CEETOX_H295R_11DCORT_dn	NR3C2	gene target	NA	NA
CEETOX_H295R_11DCORT_up	NR3C2	gene target	NA	NA
CEETOX_H295R_11DCORT_up	NR3C2	gene target	NA	NA
CEETOX_H295R_OHPREG_dn	PGR	gene target	NA	NA
CEETOX_H295R_OHPREG_up	PGR	gene target	NA	NA
CEETOX_H295R_OHPROG_dn	PGR	gene target	NA	NA
CEETOX_H295R_OHPROG_up	PGR	gene target	NA	NA
CEETOX_H295R_ANDR_dn	AR	gene target	NA	NA
CEETOX_H295R_ANDR_dn	AR	gene target	NA	NA
CEETOX_H295R_ANDR_dn	AR	gene target	NA	NA
CEETOX_H295R_ANDR_dn	AR	gene target	NA	NA
CEETOX_H295R_ANDR_up	AR	gene target	NA	NA
CEETOX_H295R_ANDR_up	AR	gene target	NA	NA
CEETOX_H295R_ANDR_up	AR	gene target	NA	NA
CEETOX_H295R_ANDR_up	AR	gene target	NA	NA
CEETOX_H295R_CORTIC_dn	NR3C2	gene target	NA	NA
CEETOX_H295R_CORTIC_dn	NR3C2	gene target	NA	NA
CEETOX_H295R_CORTIC_up	NR3C2	gene target	NA	NA
CEETOX_H295R_CORTIC_up	NR3C2	gene target	NA	NA
CEETOX_H295R_CORTISOL_dn	NR3C2	gene target	NA	NA
CEETOX_H295R_CORTISOL_dn	NR3C2	gene target	NA	NA
CEETOX_H295R_CORTISOL_up	NR3C2	gene target	NA	NA
CEETOX_H295R_CORTISOL_up	NR3C2	gene target	NA	NA
CEETOX_H295R_DOC_dn	NR3C2	gene target	NA	NA
CEETOX_H295R_DOC_dn	NR3C2	gene target	NA	NA
CEETOX_H295R_DOC_up	NR3C2	gene target	NA	NA
CEETOX_H295R_DOC_up	NR3C2	gene target	NA	NA
CEETOX_H295R_ESTRADIOL_dn	ESR1	gene target	NA	NA
CEETOX_H295R_ESTRADIOL_dn	ESR1	gene target	NA	NA
CEETOX_H295R_ESTRADIOL_dn	ESR1	gene target	NA	NA
CEETOX_H295R_ESTRADIOL_dn	ESR1	gene target	NA	NA
CEETOX_H295R_ESTRADIOL_dn	ESR1	gene target	NA	NA
CEETOX_H295R_ESTRADIOL_up	ESR1	gene target	NA	NA
CEETOX_H295R_ESTRADIOL_up	ESR1	gene target	NA	NA
CEETOX_H295R_ESTRADIOL_up	ESR1	gene target	NA	NA
CEETOX_H295R_ESTRADIOL_up	ESR1	gene target	NA	NA
CEETOX_H295R_ESTRADIOL_up	ESR1	gene target	NA	NA
CEETOX_H295R_ESTRONE_dn	ESR1	gene target	NA	NA
CEETOX_H295R_ESTRONE_dn	ESR1	gene target	NA	NA
CEETOX_H295R_ESTRONE_dn	ESR1	gene target	NA	NA
CEETOX_H295R_ESTRONE_dn	ESR1	gene target	NA	NA
CEETOX_H295R_ESTRONE_dn	ESR1	gene target	NA	NA
CEETOX_H295R_ESTRONE_up	ESR1	gene target	NA	NA
CEETOX_H295R_ESTRONE_up	ESR1	gene target	NA	NA
CEETOX_H295R_ESTRONE_up	ESR1	gene target	NA	NA
CEETOX_H295R_ESTRONE_up	ESR1	gene target	NA	NA
CEETOX_H295R_ESTRONE_up	ESR1	gene target	NA	NA
CEETOX_H295R_PROG_dn	PGR	gene target	NA	NA
CEETOX_H295R_PROG_dn	PGR	gene target	NA	NA
CEETOX_H295R_PROG_up	PGR	gene target	NA	NA
CEETOX_H295R_PROG_up	PGR	gene target	NA	NA
CEETOX_H295R_TESTO_dn	ESR1	gene target	NA	NA
CEETOX_H295R_TESTO_dn	ESR1	gene target	NA	NA
CEETOX_H295R_TESTO_dn	ESR1	gene target	NA	NA
CEETOX_H295R_TESTO_dn	ESR1	gene target	NA	NA
CEETOX_H295R_TESTO_dn	ESR1	gene target	NA	NA
CEETOX_H295R_TESTO_dn	ESR1	gene target	NA	NA
CEETOX_H295R_TESTO_dn	ESR1	gene target	NA	NA
CEETOX_H295R_TESTO_up	ESR1	gene target	NA	NA
CEETOX_H295R_TESTO_up	ESR1	gene target	NA	NA
CEETOX_H295R_TESTO_up	ESR1	gene target	NA	NA
CEETOX_H295R_TESTO_up	ESR1	gene target	NA	NA
CEETOX_H295R_TESTO_up	ESR1	gene target	NA	NA
CEETOX_H295R_TESTO_up	ESR1	gene target	NA	NA
CEETOX_H295R_TESTO_up	ESR1	gene target	NA	NA
CEETOX_H295R_MTT_Cytotoxicity_up	NA	gene target	NA	NA
CEETOX_H295R_MTT_Cytotoxicity_dn	NA	gene target	NA	NA
CEETOX_H295R_11DCORT_noMTC_dn	NR3C2	gene target	NA	NA
CEETOX_H295R_11DCORT_noMTC_dn	NR3C2	gene target	NA	NA
CEETOX_H295R_11DCORT_noMTC_up	NR3C2	gene target	NA	NA
CEETOX_H295R_11DCORT_noMTC_up	NR3C2	gene target	NA	NA
CEETOX_H295R_OHPREG_noMTC_dn	NR1I2	gene target	NA	NA
CEETOX_H295R_OHPREG_noMTC_up	NR1I2	gene target	NA	NA
CEETOX_H295R_OHPROG_noMTC_dn	NR1I2	gene target	NA	NA
CEETOX_H295R_OHPROG_noMTC_up	NR1I2	gene target	NA	NA
CEETOX_H295R_ANDR_noMTC_dn	AR	gene target	NA	NA
CEETOX_H295R_ANDR_noMTC_dn	AR	gene target	NA	NA
CEETOX_H295R_ANDR_noMTC_dn	AR	gene target	NA	NA
CEETOX_H295R_ANDR_noMTC_dn	AR	gene target	NA	NA
CEETOX_H295R_ANDR_noMTC_up	AR	gene target	NA	NA
CEETOX_H295R_ANDR_noMTC_up	AR	gene target	NA	NA
CEETOX_H295R_ANDR_noMTC_up	AR	gene target	NA	NA
CEETOX_H295R_ANDR_noMTC_up	AR	gene target	NA	NA
CEETOX_H295R_CORTIC_noMTC_dn	NR3C2	gene target	NA	NA
CEETOX_H295R_CORTIC_noMTC_dn	NR3C2	gene target	NA	NA
CEETOX_H295R_CORTIC_noMTC_up	NR3C2	gene target	NA	NA
CEETOX_H295R_CORTIC_noMTC_up	NR3C2	gene target	NA	NA
CEETOX_H295R_CORTISOL_noMTC_dn	NR3C2	gene target	NA	NA
CEETOX_H295R_CORTISOL_noMTC_dn	NR3C2	gene target	NA	NA
CEETOX_H295R_DOC_noMTC_dn	NR3C2	gene target	NA	NA
CEETOX_H295R_DOC_noMTC_dn	NR3C2	gene target	NA	NA
CEETOX_H295R_DOC_noMTC_up	NR3C2	gene target	NA	NA
CEETOX_H295R_DOC_noMTC_up	NR3C2	gene target	NA	NA
CEETOX_H295R_ESTRADIOL_noMTC_dn	ESR1	gene target	NA	NA
CEETOX_H295R_ESTRADIOL_noMTC_dn	ESR1	gene target	NA	NA
CEETOX_H295R_ESTRADIOL_noMTC_dn	ESR1	gene target	NA	NA
CEETOX_H295R_ESTRADIOL_noMTC_dn	ESR1	gene target	NA	NA
CEETOX_H295R_ESTRADIOL_noMTC_dn	ESR1	gene target	NA	NA
CEETOX_H295R_ESTRADIOL_noMTC_up	ESR1	gene target	NA	NA
CEETOX_H295R_ESTRADIOL_noMTC_up	ESR1	gene target	NA	NA
CEETOX_H295R_ESTRADIOL_noMTC_up	ESR1	gene target	NA	NA
CEETOX_H295R_ESTRADIOL_noMTC_up	ESR1	gene target	NA	NA
CEETOX_H295R_ESTRADIOL_noMTC_up	ESR1	gene target	NA	NA
CEETOX_H295R_ESTRONE_noMTC_dn	ESR1	gene target	NA	NA
CEETOX_H295R_ESTRONE_noMTC_dn	ESR1	gene target	NA	NA
CEETOX_H295R_ESTRONE_noMTC_dn	ESR1	gene target	NA	NA
CEETOX_H295R_ESTRONE_noMTC_dn	ESR1	gene target	NA	NA
CEETOX_H295R_ESTRONE_noMTC_dn	ESR1	gene target	NA	NA
CEETOX_H295R_ESTRONE_noMTC_up	ESR1	gene target	NA	NA
CEETOX_H295R_ESTRONE_noMTC_up	ESR1	gene target	NA	NA
CEETOX_H295R_ESTRONE_noMTC_up	ESR1	gene target	NA	NA
CEETOX_H295R_ESTRONE_noMTC_up	ESR1	gene target	NA	NA
CEETOX_H295R_ESTRONE_noMTC_up	ESR1	gene target	NA	NA
CEETOX_H295R_PROG_noMTC_dn	PGR	gene target	NA	NA
CEETOX_H295R_PROG_noMTC_dn	PGR	gene target	NA	NA
CEETOX_H295R_PROG_noMTC_up	PGR	gene target	NA	NA
CEETOX_H295R_PROG_noMTC_up	PGR	gene target	NA	NA
CEETOX_H295R_TESTO_noMTC_dn	ESR1	gene target	NA	NA
CEETOX_H295R_TESTO_noMTC_dn	ESR1	gene target	NA	NA
CEETOX_H295R_TESTO_noMTC_dn	ESR1	gene target	NA	NA
CEETOX_H295R_TESTO_noMTC_dn	ESR1	gene target	NA	NA
CEETOX_H295R_TESTO_noMTC_dn	ESR1	gene target	NA	NA
CEETOX_H295R_TESTO_noMTC_dn	ESR1	gene target	NA	NA
CEETOX_H295R_TESTO_noMTC_dn	ESR1	gene target	NA	NA
CEETOX_H295R_TESTO_noMTC_dn	ESR1	gene target	NA	NA
CEETOX_H295R_TESTO_noMTC_dn	ESR1	gene target	NA	NA
CEETOX_H295R_TESTO_noMTC_up	ESR1	gene target	NA	NA
CEETOX_H295R_TESTO_noMTC_up	ESR1	gene target	NA	NA
CEETOX_H295R_TESTO_noMTC_up	ESR1	gene target	NA	NA
CEETOX_H295R_TESTO_noMTC_up	ESR1	gene target	NA	NA
CEETOX_H295R_TESTO_noMTC_up	ESR1	gene target	NA	NA
CEETOX_H295R_TESTO_noMTC_up	ESR1	gene target	NA	NA
CEETOX_H295R_TESTO_noMTC_up	ESR1	gene target	NA	NA
CEETOX_H295R_TESTO_noMTC_up	ESR1	gene target	NA	NA
CEETOX_H295R_TESTO_noMTC_up	ESR1	gene target	NA	NA
TOX21_ARE_BLA_agonist_ratio	NFE2L2	gene target	NA	NA
TOX21_ARE_BLA_agonist_viability	NA	viability	Immune System	Immune System
TOX21_ARE_BLA_agonist_viability	NA	viability	Digestive System	Liver
TOX21_ARE_BLA_agonist_viability	NA	viability	Respiratory System	Lung
TOX21_ARE_BLA_agonist_viability	NA	viability	Digestive System	Stomach
TOX21_HSE_BLA_agonist_ratio	HSF1	gene target	NA	NA
TOX21_HSE_BLA_agonist_viability	NA	viability	Immune System	Immune System
TOX21_HSE_BLA_agonist_viability	NA	viability	Digestive System	Liver
TOX21_HSE_BLA_agonist_viability	NA	viability	Respiratory System	Lung
TOX21_HSE_BLA_agonist_viability	NA	viability	Digestive System	Stomach
TOX21_p53_BLA_p1_ratio	TP53	gene target	NA	NA
TOX21_p53_BLA_p1_viability	NA	viability	Immune System	Immune System
TOX21_p53_BLA_p1_viability	NA	viability	Digestive System	Liver
TOX21_p53_BLA_p1_viability	NA	viability	Respiratory System	Lung
TOX21_p53_BLA_p1_viability	NA	viability	Digestive System	Stomach
TOX21_FXR_BLA_agonist_ratio	NR1H4	gene target	NA	NA
TOX21_FXR_BLA_agonist_viability	NA	viability	Immune System	Immune System
TOX21_FXR_BLA_agonist_viability	NA	viability	Digestive System	Liver
TOX21_FXR_BLA_agonist_viability	NA	viability	Respiratory System	Lung
TOX21_FXR_BLA_agonist_viability	NA	viability	Digestive System	Stomach
TOX21_FXR_BLA_antagonist_ratio	NR1H4	gene target	NA	NA
TOX21_FXR_BLA_antagonist_viability	NA	viability	Immune System	Immune System
TOX21_FXR_BLA_antagonist_viability	NA	viability	Digestive System	Liver
TOX21_FXR_BLA_antagonist_viability	NA	viability	Respiratory System	Lung
TOX21_FXR_BLA_antagonist_viability	NA	viability	Digestive System	Stomach
TOX21_PPARd_BLA_agonist_ratio	PPARD	gene target	NA	NA
TOX21_PPARd_BLA_Agonist_viability	NA	viability	Immune System	Immune System
TOX21_PPARd_BLA_Agonist_viability	NA	viability	Digestive System	Liver
TOX21_PPARd_BLA_Agonist_viability	NA	viability	Respiratory System	Lung
TOX21_PPARd_BLA_Agonist_viability	NA	viability	Digestive System	Stomach
TOX21_PPARd_BLA_antagonist_ratio	PPARD	gene target	NA	NA
TOX21_PPARd_BLA_antagonist_viability	NA	viability	Immune System	Immune System
TOX21_PPARd_BLA_antagonist_viability	NA	viability	Digestive System	Liver
TOX21_PPARd_BLA_antagonist_viability	NA	viability	Respiratory System	Lung
TOX21_PPARd_BLA_antagonist_viability	NA	viability	Digestive System	Stomach
TOX21_PPARg_BLA_antagonist_ratio	PPARG	gene target	NA	NA
TOX21_PPARg_BLA_antagonist_viability	NA	viability	Immune System	Immune System
TOX21_PPARg_BLA_antagonist_viability	NA	viability	Digestive System	Liver
TOX21_PPARg_BLA_antagonist_viability	NA	viability	Respiratory System	Lung
TOX21_PPARg_BLA_antagonist_viability	NA	viability	Digestive System	Stomach
TOX21_VDR_BLA_agonist_ratio	VDR	gene target	NA	NA
TOX21_VDR_BLA_agonist_ratio	VDR	gene target	NA	NA
TOX21_VDR_BLA_Agonist_viability	NA	viability	Immune System	Immune System
TOX21_VDR_BLA_Agonist_viability	NA	viability	Digestive System	Liver
TOX21_VDR_BLA_Agonist_viability	NA	viability	Respiratory System	Lung
TOX21_VDR_BLA_Agonist_viability	NA	viability	Digestive System	Stomach
TOX21_VDR_BLA_antagonist_ratio	VDR	gene target	NA	NA
TOX21_VDR_BLA_antagonist_ratio	VDR	gene target	NA	NA
TOX21_VDR_BLA_antagonist_viability	NA	viability	Immune System	Immune System
TOX21_VDR_BLA_antagonist_viability	NA	viability	Digestive System	Liver
TOX21_VDR_BLA_antagonist_viability	NA	viability	Respiratory System	Lung
TOX21_VDR_BLA_antagonist_viability	NA	viability	Digestive System	Stomach
TOX21_DT40	NA	viability	Immune System	Immune System
TOX21_DT40	NA	viability	Digestive System	Liver
TOX21_DT40	NA	viability	Respiratory System	Lung
TOX21_DT40	NA	viability	Digestive System	Stomach
TOX21_DT40_100	NA	viability	Immune System	Immune System
TOX21_DT40_100	NA	viability	Digestive System	Liver
TOX21_DT40_100	NA	viability	Respiratory System	Lung
TOX21_DT40_100	NA	viability	Digestive System	Stomach
TOX21_DT40_657	NA	viability	Immune System	Immune System
TOX21_DT40_657	NA	viability	Digestive System	Liver
TOX21_DT40_657	NA	viability	Respiratory System	Lung
TOX21_DT40_657	NA	viability	Digestive System	Stomach
APR_Hepat_Apoptosis_1hr_dn	NA	tissue	Digestive System	Liver
APR_Hepat_Apoptosis_1hr_up	NA	tissue	Digestive System	Liver
APR_Hepat_CellLoss_1hr_dn	NA	tissue	Digestive System	Liver
APR_Hepat_CellLoss_1hr_up	NA	tissue	Digestive System	Liver
APR_Hepat_DNADamage_1hr_dn	NA	tissue	Digestive System	Liver
APR_Hepat_DNADamage_1hr_up	NA	tissue	Digestive System	Liver
APR_Hepat_DNATexture_1hr_dn	NA	tissue	Digestive System	Liver
APR_Hepat_DNATexture_1hr_up	NA	tissue	Digestive System	Liver
APR_Hepat_LysosomalMass_1hr_dn	NA	tissue	Digestive System	Liver
APR_Hepat_LysosomalMass_1hr_up	NA	tissue	Digestive System	Liver
APR_Hepat_MitoFxnI_1hr_dn	NA	tissue	Digestive System	Liver
APR_Hepat_MitoFxnI_1hr_up	NA	tissue	Digestive System	Liver
APR_Hepat_NuclearSize_1hr_dn	NA	tissue	Digestive System	Liver
APR_Hepat_NuclearSize_1hr_up	NA	tissue	Digestive System	Liver
APR_Hepat_Steatosis_1hr_dn	NA	tissue	Digestive System	Liver
APR_Hepat_Steatosis_1hr_up	NA	tissue	Digestive System	Liver
APR_Hepat_Apoptosis_24hr_dn	NA	tissue	Digestive System	Liver
APR_Hepat_Apoptosis_24hr_up	NA	tissue	Digestive System	Liver
APR_Hepat_CellLoss_24hr_dn	NA	tissue	Digestive System	Liver
APR_Hepat_CellLoss_24hr_up	NA	tissue	Digestive System	Liver
APR_Hepat_DNADamage_24hr_dn	NA	tissue	Digestive System	Liver
APR_Hepat_DNADamage_24hr_up	NA	tissue	Digestive System	Liver
APR_Hepat_DNATexture_24hr_dn	NA	tissue	Digestive System	Liver
APR_Hepat_DNATexture_24hr_up	NA	tissue	Digestive System	Liver
APR_Hepat_LysosomalMass_24hr_dn	NA	tissue	Digestive System	Liver
APR_Hepat_LysosomalMass_24hr_up	NA	tissue	Digestive System	Liver
APR_Hepat_MitoFxnI_24hr_dn	NA	tissue	Digestive System	Liver
APR_Hepat_MitoFxnI_24hr_up	NA	tissue	Digestive System	Liver
APR_Hepat_NuclearSize_24hr_dn	NA	tissue	Digestive System	Liver
APR_Hepat_NuclearSize_24hr_up	NA	tissue	Digestive System	Liver
APR_Hepat_Steatosis_24hr_dn	NA	tissue	Digestive System	Liver
APR_Hepat_Steatosis_24hr_up	NA	tissue	Digestive System	Liver
APR_Hepat_Apoptosis_48hr_dn	NA	tissue	Digestive System	Liver
APR_Hepat_Apoptosis_48hr_up	NA	tissue	Digestive System	Liver
APR_Hepat_CellLoss_48hr_dn	NA	tissue	Digestive System	Liver
APR_Hepat_CellLoss_48hr_up	NA	tissue	Digestive System	Liver
APR_Hepat_DNADamage_48hr_dn	NA	tissue	Digestive System	Liver
APR_Hepat_DNADamage_48hr_up	NA	tissue	Digestive System	Liver
APR_Hepat_DNATexture_48hr_dn	NA	tissue	Digestive System	Liver
APR_Hepat_DNATexture_48hr_up	NA	tissue	Digestive System	Liver
APR_Hepat_LysosomalMass_48hr_dn	NA	tissue	Digestive System	Liver
APR_Hepat_LysosomalMass_48hr_up	NA	tissue	Digestive System	Liver
APR_Hepat_MitoFxnI_48hr_dn	NA	tissue	Digestive System	Liver
APR_Hepat_MitoFxnI_48hr_up	NA	tissue	Digestive System	Liver
APR_Hepat_NuclearSize_48hr_dn	NA	tissue	Digestive System	Liver
APR_Hepat_NuclearSize_48hr_up	NA	tissue	Digestive System	Liver
APR_Hepat_Steatosis_48hr_dn	NA	tissue	Digestive System	Liver
APR_Hepat_Steatosis_48hr_up	NA	tissue	Digestive System	Liver
ATG_XTT_Cytotoxicity_up	NA	viability	Immune System	Immune System
ATG_XTT_Cytotoxicity_up	NA	viability	Digestive System	Liver
ATG_XTT_Cytotoxicity_up	NA	viability	Respiratory System	Lung
ATG_XTT_Cytotoxicity_up	NA	viability	Digestive System	Stomach
CLD_ABCB1_6hr	NA	tissue	Digestive System	Liver
CLD_ABCB11_6hr	NA	tissue	Digestive System	Liver
CLD_ABCG2_6hr	NA	tissue	Digestive System	Liver
CLD_ACTIN_6hr	NA	tissue	Digestive System	Liver
CLD_CYP1A1_6hr	NA	tissue	Digestive System	Liver
CLD_CYP1A2_6hr	NA	tissue	Digestive System	Liver
CLD_CYP2B6_6hr	NA	tissue	Digestive System	Liver
CLD_CYP2C19_6hr	NA	tissue	Digestive System	Liver
CLD_CYP2C9_6hr	NA	tissue	Digestive System	Liver
CLD_CYP3A4_6hr	NA	tissue	Digestive System	Liver
CLD_GAPDH_6hr	NA	tissue	Digestive System	Liver
CLD_GSTA2_6hr	NA	tissue	Digestive System	Liver
CLD_HMGCS2_6hr	NA	tissue	Digestive System	Liver
CLD_SLCO1B1_6hr	NA	tissue	Digestive System	Liver
CLD_SULT2A_6hr	NA	tissue	Digestive System	Liver
CLD_UGT1A1_6hr	NA	tissue	Digestive System	Liver
CLD_ABCB1_24hr	NA	tissue	Digestive System	Liver
CLD_ABCB11_24hr	NA	tissue	Digestive System	Liver
CLD_ABCG2_24hr	NA	tissue	Digestive System	Liver
CLD_ACTIN_24hr	NA	tissue	Digestive System	Liver
CLD_CYP1A1_24hr	NA	tissue	Digestive System	Liver
CLD_CYP1A2_24hr	NA	tissue	Digestive System	Liver
CLD_CYP2B6_24hr	NA	tissue	Digestive System	Liver
CLD_CYP2C19_24hr	NA	tissue	Digestive System	Liver
CLD_CYP2C9_24hr	NA	tissue	Digestive System	Liver
CLD_CYP3A4_24hr	NA	tissue	Digestive System	Liver
CLD_GAPDH_24hr	NA	tissue	Digestive System	Liver
CLD_GSTA2_24hr	NA	tissue	Digestive System	Liver
CLD_HMGCS2_24hr	NA	tissue	Digestive System	Liver
CLD_SLCO1B1_24hr	NA	tissue	Digestive System	Liver
CLD_SULT2A_24hr	NA	tissue	Digestive System	Liver
CLD_UGT1A1_24hr	NA	tissue	Digestive System	Liver
CLD_ABCB1_48hr	NA	tissue	Digestive System	Liver
CLD_ABCB11_48hr	NA	tissue	Digestive System	Liver
CLD_ABCG2_48hr	NA	tissue	Digestive System	Liver
CLD_ACTIN_48hr	NA	tissue	Digestive System	Liver
CLD_CYP1A1_48hr	NA	tissue	Digestive System	Liver
CLD_CYP1A2_48hr	NA	tissue	Digestive System	Liver
CLD_CYP2B6_48hr	NA	tissue	Digestive System	Liver
CLD_CYP2C19_48hr	NA	tissue	Digestive System	Liver
CLD_CYP2C9_48hr	NA	tissue	Digestive System	Liver
CLD_CYP3A4_48hr	NA	tissue	Digestive System	Liver
CLD_GAPDH_48hr	NA	tissue	Digestive System	Liver
CLD_GSTA2_48hr	NA	tissue	Digestive System	Liver
CLD_HMGCS2_48hr	NA	tissue	Digestive System	Liver
CLD_SLCO1B1_48hr	NA	tissue	Digestive System	Liver
CLD_SULT2A_48hr	NA	tissue	Digestive System	Liver
CLD_UGT1A1_48hr	NA	tissue	Digestive System	Liver
TOX21_p53_BLA_p2_ratio	NA	viability	Immune System	Immune System
TOX21_p53_BLA_p2_ratio	NA	viability	Digestive System	Liver
TOX21_p53_BLA_p2_ratio	NA	viability	Respiratory System	Lung
TOX21_p53_BLA_p2_ratio	NA	viability	Digestive System	Stomach
TOX21_p53_BLA_p2_viability	NA	viability	Immune System	Immune System
TOX21_p53_BLA_p2_viability	NA	viability	Digestive System	Liver
TOX21_p53_BLA_p2_viability	NA	viability	Respiratory System	Lung
TOX21_p53_BLA_p2_viability	NA	viability	Digestive System	Stomach
TOX21_p53_BLA_p3_ratio	NA	viability	Immune System	Immune System
TOX21_p53_BLA_p3_ratio	NA	viability	Digestive System	Liver
TOX21_p53_BLA_p3_ratio	NA	viability	Respiratory System	Lung
TOX21_p53_BLA_p3_ratio	NA	viability	Digestive System	Stomach
TOX21_p53_BLA_p3_viability	NA	viability	Immune System	Immune System
TOX21_p53_BLA_p3_viability	NA	viability	Digestive System	Liver
TOX21_p53_BLA_p3_viability	NA	viability	Respiratory System	Lung
TOX21_p53_BLA_p3_viability	NA	viability	Digestive System	Stomach
TOX21_p53_BLA_p4_ratio	NA	viability	Immune System	Immune System
TOX21_p53_BLA_p4_ratio	NA	viability	Digestive System	Liver
TOX21_p53_BLA_p4_ratio	NA	viability	Respiratory System	Lung
TOX21_p53_BLA_p4_ratio	NA	viability	Digestive System	Stomach
TOX21_p53_BLA_p4_viability	NA	viability	Immune System	Immune System
TOX21_p53_BLA_p4_viability	NA	viability	Digestive System	Liver
TOX21_p53_BLA_p4_viability	NA	viability	Respiratory System	Lung
TOX21_p53_BLA_p4_viability	NA	viability	Digestive System	Stomach
TOX21_p53_BLA_p5_ratio	NA	viability	Immune System	Immune System
TOX21_p53_BLA_p5_ratio	NA	viability	Digestive System	Liver
TOX21_p53_BLA_p5_ratio	NA	viability	Respiratory System	Lung
TOX21_p53_BLA_p5_ratio	NA	viability	Digestive System	Stomach
TOX21_p53_BLA_p5_viability	NA	viability	Immune System	Immune System
TOX21_p53_BLA_p5_viability	NA	viability	Digestive System	Liver
TOX21_p53_BLA_p5_viability	NA	viability	Respiratory System	Lung
TOX21_p53_BLA_p5_viability	NA	viability	Digestive System	Stomach
TOX21_ESRE_BLA_ratio	ATF6	gene target	NA	NA
TOX21_ESRE_BLA_viability	NA	viability	Immune System	Immune System
TOX21_ESRE_BLA_viability	NA	viability	Digestive System	Liver
TOX21_ESRE_BLA_viability	NA	viability	Respiratory System	Lung
TOX21_ESRE_BLA_viability	NA	viability	Digestive System	Stomach
TOX21_NFkB_BLA_agonist_viability	NA	gene target	NA	NA
ATG_NUR77_TRANS2_up	NR4A1	gene target	NA	NA
ATG_GCNF_TRANS2_up	NR6A1	gene target	NA	NA
ATG_COUP_TF2_TRANS2_up	NR2F2	gene target	NA	NA
ATG_PNR_TRANS2_up	NR2E3	gene target	NA	NA
ATG_LRH1_TRANS2_up	NR5A2	gene target	NA	NA
ATG_Rev_ERB_A_TRANS2_up	NR1D1	gene target	NA	NA
ATG_HNF4g_TRANS2_up	HNF4G	gene target	NA	NA
ATG_ERRb_TRANS2_up	ESRRB	gene target	NA	NA
ATG_MR_TRANS2_up	NR3C2	gene target	NA	NA
ATG_COUP_TF1_TRANS2_up	NR2F1	gene target	NA	NA
ATG_NOR1_TRANS2_up	NR4A3	gene target	NA	NA
ATG_TR4_TRANS2_up	NR2C2	gene target	NA	NA
ATG_DAX1_TRANS2_up	NR0B1	gene target	NA	NA
ATG_Rev_ERB_B_TRANS2_up	NR1D2	gene target	NA	NA
ATG_RORa_TRANS2_up	RORA	gene target	NA	NA
ATG_PR_TRANS2_up	PGR	gene target	NA	NA
ATG_RXRg_TRANS2_up	NA	gene target	NA	NA
ATG_SF_1_TRANS2_up	NR5A1	gene target	NA	NA
ATG_SHP_TRANS2_up	NR0B2	gene target	NA	NA
ATG_ERb_TRANS2_up	ESR2	gene target	NA	NA
ATG_TLX_TRANS2_up	NR2E1	gene target	NA	NA
ATG_THRb_TRANS2_up	THRB	gene target	NA	NA
ATG_EAR2_TRANS2_up	NR2F6	gene target	NA	NA
ATG_TR2_TRANS2_up	NR2C1	gene target	NA	NA
NCCT_TPO_AUR_dn	NA	tissue	Endocrine System	Thyroid gland
NCCT_HEK293T_CellTiterGLO	NA	viability	Immune System	Immune System
NCCT_HEK293T_CellTiterGLO	NA	viability	Digestive System	Liver
NCCT_HEK293T_CellTiterGLO	NA	viability	Respiratory System	Lung
NCCT_HEK293T_CellTiterGLO	NA	viability	Digestive System	Stomach
TOX21_RAR_LUC_Agonist	RARA	gene target	NA	NA
TOX21_RAR_LUC_Agonist_viability	NA	viability	Immune System	Immune System
TOX21_RAR_LUC_Agonist_viability	NA	viability	Digestive System	Liver
TOX21_RAR_LUC_Agonist_viability	NA	viability	Respiratory System	Lung
TOX21_RAR_LUC_Agonist_viability	NA	viability	Digestive System	Stomach
TOX21_RORg_LUC_CHO_Antagonist	RORC	gene target	NA	NA
TOX21_RORg_LUC_CHO_Antagonist_viability	NA	viability	Immune System	Immune System
TOX21_RORg_LUC_CHO_Antagonist_viability	NA	viability	Digestive System	Liver
TOX21_RORg_LUC_CHO_Antagonist_viability	NA	viability	Respiratory System	Lung
TOX21_RORg_LUC_CHO_Antagonist_viability	NA	viability	Digestive System	Stomach
NVS_ENZ_hPPP3CA	PPP3CA	gene target	NA	NA
ATG_GPCR_ADORA2A_TRANS_up	ADORA2A	gene target	NA	NA
ATG_GPCR_ADORA2B_TRANS_up	ADORA2B	gene target	NA	NA
ATG_GPCR_ADRA1A_TRANS_up	ADRA1A	gene target	NA	NA
ATG_GPCR_ADRA2B_TRANS_up	ADRA2B	gene target	NA	NA
ATG_GPCR_ADRB2_TRANS_up	ADRB2	gene target	NA	NA
ATG_GPCR_ADRB3_TRANS_up	ADRB3	gene target	NA	NA
ATG_GPCR_CHRM3_TRANS_up	CHRM3	gene target	NA	NA
ATG_GPCR_DRD1_TRANS_up	DRD1	gene target	NA	NA
ATG_GPCR_DRD1_TRANS_up	DRD1	gene target	NA	NA
ATG_GPCR_DRD5_TRANS_up	DRD5	gene target	NA	NA
ATG_GPCR_EDNRA_TRANS_up	EDNRA	gene target	NA	NA
ATG_GPCR_GCGR_TRANS_up	GCGR	gene target	NA	NA
ATG_GPCR_GPBAR1_TRANS_up	GPBAR1	gene target	NA	NA
ATG_GPCR_GPR40_TRANS_up	FFAR1	gene target	NA	NA
ATG_GPCR_GQ_TRANS_up	GNAQ	gene target	NA	NA
ATG_GPCR_GS1_TRANS_up	GNAS	gene target	NA	NA
ATG_GPCR_GS_TRANS_up	GNAS	gene target	NA	NA
ATG_GPCR_HRH1_TRANS_up	HRH1	gene target	NA	NA
ATG_GPCR_HRH1_TRANS_up	HRH1	gene target	NA	NA
ATG_GPCR_HTR6_TRANS_up	HTR6	gene target	NA	NA
ATG_GPCR_HTR7_TRANS_up	HTR7	gene target	NA	NA
ATG_GPCR_LPAR4_TRANS_up	LPAR4	gene target	NA	NA
ATG_GPCR_MC1R_TRANS_up	MC1R	gene target	NA	NA
ATG_GPCR_MC2R_TRANS_up	MC2R	gene target	NA	NA
ATG_GPCR_MC3R_TRANS_up	MC3R	gene target	NA	NA
ATG_GPCR_MC4R_TRANS_up	MC4R	gene target	NA	NA
ATG_GPCR_PTGDR_TRANS_up	PTGDR	gene target	NA	NA
ATG_GPCR_PTGIR_TRANS_up	PTGIR	gene target	NA	NA
TOX21_AR_LUC_MDAKB2_Antagonist	AR	gene target	NA	NA
TOX21_AR_LUC_MDAKB2_Antagonist_viability	NA	viability	Immune System	Immune System
TOX21_AR_LUC_MDAKB2_Antagonist_viability	NA	viability	Digestive System	Liver
TOX21_AR_LUC_MDAKB2_Antagonist_viability	NA	viability	Respiratory System	Lung
TOX21_AR_LUC_MDAKB2_Antagonist_viability	NA	viability	Digestive System	Stomach
TOX21_RXR_BLA_Agonist_ratio	RXRA	gene target	NA	NA
TOX21_RXR_BLA_Agonist_viability	NA	viability	Immune System	Immune System
TOX21_RXR_BLA_Agonist_viability	NA	viability	Digestive System	Liver
TOX21_RXR_BLA_Agonist_viability	NA	viability	Respiratory System	Lung
TOX21_RXR_BLA_Agonist_viability	NA	viability	Digestive System	Stomach
TOX21_AR_LUC_MDAKB2_Agonist_Counterscreen	AR	gene target	NA	NA
TOX21_AR_LUC_MDAKB2_Agonist2_viability	NA	viability	Immune System	Immune System
TOX21_AR_LUC_MDAKB2_Agonist2_viability	NA	viability	Digestive System	Liver
TOX21_AR_LUC_MDAKB2_Agonist2_viability	NA	viability	Respiratory System	Lung
TOX21_AR_LUC_MDAKB2_Agonist2_viability	NA	viability	Digestive System	Stomach
NCCT_TPO_GUA_dn	NA	tissue	Endocrine System	Thyroid gland
TOX21_RAR_LUC_Antagonist	RARA	gene target	NA	NA
TOX21_RAR_LUC_Antagonist_viability	NA	viability	Immune System	Immune System
TOX21_RAR_LUC_Antagonist_viability	NA	viability	Digestive System	Liver
TOX21_RAR_LUC_Antagonist_viability	NA	viability	Respiratory System	Lung
TOX21_RAR_LUC_Antagonist_viability	NA	viability	Digestive System	Stomach
TOX21_H2AX_HTRF_CHO_Agonist_ratio	NA	viability	Immune System	Immune System
TOX21_H2AX_HTRF_CHO_Agonist_ratio	NA	viability	Digestive System	Liver
TOX21_H2AX_HTRF_CHO_Agonist_ratio	NA	viability	Respiratory System	Lung
TOX21_H2AX_HTRF_CHO_Agonist_ratio	NA	viability	Digestive System	Stomach
TOX21_H2AX_HTRF_CHO_viability	NA	viability	Immune System	Immune System
TOX21_H2AX_HTRF_CHO_viability	NA	viability	Digestive System	Liver
TOX21_H2AX_HTRF_CHO_viability	NA	viability	Respiratory System	Lung
TOX21_H2AX_HTRF_CHO_viability	NA	viability	Digestive System	Stomach
TOX21_AP1_BLA_Agonist_viability	NA	viability	Immune System	Immune System
TOX21_AP1_BLA_Agonist_viability	NA	viability	Digestive System	Liver
TOX21_AP1_BLA_Agonist_viability	NA	viability	Respiratory System	Lung
TOX21_AP1_BLA_Agonist_viability	NA	viability	Digestive System	Stomach
ACEA_AR_agonist_AUC_viability	NA	viability	Immune System	Immune System
ACEA_AR_agonist_AUC_viability	NA	viability	Digestive System	Liver
ACEA_AR_agonist_AUC_viability	NA	viability	Respiratory System	Lung
ACEA_AR_agonist_AUC_viability	NA	viability	Digestive System	Stomach
ACEA_AR_agonist_80hr	AR	gene target	NA	NA
ACEA_AR_antagonist_80hr	AR	gene target	NA	NA
ACEA_AR_antagonist_AUC_viability	NA	viability	Immune System	Immune System
ACEA_AR_antagonist_AUC_viability	NA	viability	Digestive System	Liver
ACEA_AR_antagonist_AUC_viability	NA	viability	Respiratory System	Lung
ACEA_AR_antagonist_AUC_viability	NA	viability	Digestive System	Stomach
NIS_RAIU_inhibition	SLC5A5	gene target	NA	NA
NIS_HEK293T_CTG_Cytotoxicity	NA	viability	Immune System	Immune System
NIS_HEK293T_CTG_Cytotoxicity	NA	viability	Digestive System	Liver
NIS_HEK293T_CTG_Cytotoxicity	NA	viability	Respiratory System	Lung
NIS_HEK293T_CTG_Cytotoxicity	NA	viability	Digestive System	Stomach
TOX21_TSHR_Agonist_ratio	TSHR	gene target	NA	NA
TOX21_TSHR_Antagonist_ratio	TSHR	gene target	NA	NA
TOX21_TSHR_wt_ratio	TSHR	gene target	NA	NA
TOX21_CAR_Agonist	NR1I3	gene target	NA	NA
TOX21_CAR_Agonist_viabillity	NA	viability	Immune System	Immune System
TOX21_CAR_Agonist_viabillity	NA	viability	Digestive System	Liver
TOX21_CAR_Agonist_viabillity	NA	viability	Respiratory System	Lung
TOX21_CAR_Agonist_viabillity	NA	viability	Digestive System	Stomach
TOX21_CAR_Antagonist	NR1I3	gene target	NA	NA
TOX21_CAR_Antagonist_viability	NA	viability	Immune System	Immune System
TOX21_CAR_Antagonist_viability	NA	viability	Digestive System	Liver
TOX21_CAR_Antagonist_viability	NA	viability	Respiratory System	Lung
TOX21_CAR_Antagonist_viability	NA	viability	Digestive System	Stomach
TOX21_ERa_LUC_BG1_Antagonist	ESR1	gene target	NA	NA
TOX21_ERa_LUC_BG1_Antagonist_viability	NA	viability	Immune System	Immune System
TOX21_ERa_LUC_BG1_Antagonist_viability	NA	viability	Digestive System	Liver
TOX21_ERa_LUC_BG1_Antagonist_viability	NA	viability	Respiratory System	Lung
TOX21_ERa_LUC_BG1_Antagonist_viability	NA	viability	Digestive System	Stomach
TOX21_ERR_Agonist	ESRRA	gene target	NA	NA
TOX21_ERR_Antagonist	ESRRA	gene target	NA	NA
TOX21_ERR_viability	NA	viability	Immune System	Immune System
TOX21_ERR_viability	NA	viability	Digestive System	Liver
TOX21_ERR_viability	NA	viability	Respiratory System	Lung
TOX21_ERR_viability	NA	viability	Digestive System	Stomach
TOX21_HDAC_Inhibition	HDAC1	gene target	NA	NA
TOX21_HDAC_Inhibition_viability	NA	viability	Immune System	Immune System
TOX21_HDAC_Inhibition_viability	NA	viability	Digestive System	Liver
TOX21_HDAC_Inhibition_viability	NA	viability	Respiratory System	Lung
TOX21_HDAC_Inhibition_viability	NA	viability	Digestive System	Stomach
TOX21_HRE_BLA_Agonist_ratio	HIF1A	gene target	NA	NA
TOX21_HRE_BLA_Agonist_viability	NA	viability	Immune System	Immune System
TOX21_HRE_BLA_Agonist_viability	NA	viability	Digestive System	Liver
TOX21_HRE_BLA_Agonist_viability	NA	viability	Respiratory System	Lung
TOX21_HRE_BLA_Agonist_viability	NA	viability	Digestive System	Stomach
TOX21_PGC_ERR_Agonist	ESRRA	gene target	NA	NA
TOX21_PGC_ERR_Antagonist	ESRRA	gene target	NA	NA
TOX21_PGC_ERR_viability	NA	viability	Immune System	Immune System
TOX21_PGC_ERR_viability	NA	viability	Digestive System	Liver
TOX21_PGC_ERR_viability	NA	viability	Respiratory System	Lung
TOX21_PGC_ERR_viability	NA	viability	Digestive System	Stomach
TOX21_RT_HEK293_FLO_00hr_viability	NA	viability	Immune System	Immune System
TOX21_RT_HEK293_FLO_00hr_viability	NA	viability	Digestive System	Liver
TOX21_RT_HEK293_FLO_00hr_viability	NA	viability	Respiratory System	Lung
TOX21_RT_HEK293_FLO_00hr_viability	NA	viability	Digestive System	Stomach
TOX21_RT_HEK293_FLO_08hr_viability	NA	viability	Immune System	Immune System
TOX21_RT_HEK293_FLO_08hr_viability	NA	viability	Digestive System	Liver
TOX21_RT_HEK293_FLO_08hr_viability	NA	viability	Respiratory System	Lung
TOX21_RT_HEK293_FLO_08hr_viability	NA	viability	Digestive System	Stomach
TOX21_RT_HEK293_FLO_16hr_viability	NA	viability	Immune System	Immune System
TOX21_RT_HEK293_FLO_16hr_viability	NA	viability	Digestive System	Liver
TOX21_RT_HEK293_FLO_16hr_viability	NA	viability	Respiratory System	Lung
TOX21_RT_HEK293_FLO_16hr_viability	NA	viability	Digestive System	Stomach
TOX21_RT_HEK293_FLO_24hr_viability	NA	viability	Immune System	Immune System
TOX21_RT_HEK293_FLO_24hr_viability	NA	viability	Digestive System	Liver
TOX21_RT_HEK293_FLO_24hr_viability	NA	viability	Respiratory System	Lung
TOX21_RT_HEK293_FLO_24hr_viability	NA	viability	Digestive System	Stomach
TOX21_RT_HEK293_FLO_32hr_viability	NA	viability	Immune System	Immune System
TOX21_RT_HEK293_FLO_32hr_viability	NA	viability	Digestive System	Liver
TOX21_RT_HEK293_FLO_32hr_viability	NA	viability	Respiratory System	Lung
TOX21_RT_HEK293_FLO_32hr_viability	NA	viability	Digestive System	Stomach
TOX21_RT_HEK293_FLO_40hr_viability	NA	viability	Immune System	Immune System
TOX21_RT_HEK293_FLO_40hr_viability	NA	viability	Digestive System	Liver
TOX21_RT_HEK293_FLO_40hr_viability	NA	viability	Respiratory System	Lung
TOX21_RT_HEK293_FLO_40hr_viability	NA	viability	Digestive System	Stomach
TOX21_RT_HEK293_GLO_00hr_viability	NA	viability	Immune System	Immune System
TOX21_RT_HEK293_GLO_00hr_viability	NA	viability	Digestive System	Liver
TOX21_RT_HEK293_GLO_00hr_viability	NA	viability	Respiratory System	Lung
TOX21_RT_HEK293_GLO_00hr_viability	NA	viability	Digestive System	Stomach
TOX21_RT_HEK293_GLO_08hr_viability	NA	viability	Immune System	Immune System
TOX21_RT_HEK293_GLO_08hr_viability	NA	viability	Digestive System	Liver
TOX21_RT_HEK293_GLO_08hr_viability	NA	viability	Respiratory System	Lung
TOX21_RT_HEK293_GLO_08hr_viability	NA	viability	Digestive System	Stomach
TOX21_RT_HEK293_GLO_16hr_viability	NA	viability	Immune System	Immune System
TOX21_RT_HEK293_GLO_16hr_viability	NA	viability	Digestive System	Liver
TOX21_RT_HEK293_GLO_16hr_viability	NA	viability	Respiratory System	Lung
TOX21_RT_HEK293_GLO_16hr_viability	NA	viability	Digestive System	Stomach
TOX21_RT_HEK293_GLO_24hr_viability	NA	viability	Immune System	Immune System
TOX21_RT_HEK293_GLO_24hr_viability	NA	viability	Digestive System	Liver
TOX21_RT_HEK293_GLO_24hr_viability	NA	viability	Respiratory System	Lung
TOX21_RT_HEK293_GLO_24hr_viability	NA	viability	Digestive System	Stomach
TOX21_RT_HEK293_GLO_32hr_viability	NA	viability	Immune System	Immune System
TOX21_RT_HEK293_GLO_32hr_viability	NA	viability	Digestive System	Liver
TOX21_RT_HEK293_GLO_32hr_viability	NA	viability	Respiratory System	Lung
TOX21_RT_HEK293_GLO_32hr_viability	NA	viability	Digestive System	Stomach
TOX21_RT_HEK293_GLO_40hr_viability	NA	viability	Immune System	Immune System
TOX21_RT_HEK293_GLO_40hr_viability	NA	viability	Digestive System	Liver
TOX21_RT_HEK293_GLO_40hr_viability	NA	viability	Respiratory System	Lung
TOX21_RT_HEK293_GLO_40hr_viability	NA	viability	Digestive System	Stomach
TOX21_RT_HEPG2_FLO_00hr_ctrl_viability	NA	viability	Immune System	Immune System
TOX21_RT_HEPG2_FLO_00hr_ctrl_viability	NA	viability	Digestive System	Liver
TOX21_RT_HEPG2_FLO_00hr_ctrl_viability	NA	viability	Respiratory System	Lung
TOX21_RT_HEPG2_FLO_00hr_ctrl_viability	NA	viability	Digestive System	Stomach
TOX21_RT_HEPG2_FLO_08hr_viability	NA	viability	Immune System	Immune System
TOX21_RT_HEPG2_FLO_08hr_viability	NA	viability	Digestive System	Liver
TOX21_RT_HEPG2_FLO_08hr_viability	NA	viability	Respiratory System	Lung
TOX21_RT_HEPG2_FLO_08hr_viability	NA	viability	Digestive System	Stomach
TOX21_RT_HEPG2_FLO_16hr_ctrl_viability	NA	viability	Immune System	Immune System
TOX21_RT_HEPG2_FLO_16hr_ctrl_viability	NA	viability	Digestive System	Liver
TOX21_RT_HEPG2_FLO_16hr_ctrl_viability	NA	viability	Respiratory System	Lung
TOX21_RT_HEPG2_FLO_16hr_ctrl_viability	NA	viability	Digestive System	Stomach
TOX21_RT_HEPG2_FLO_24hr_viability	NA	viability	Immune System	Immune System
TOX21_RT_HEPG2_FLO_24hr_viability	NA	viability	Digestive System	Liver
TOX21_RT_HEPG2_FLO_24hr_viability	NA	viability	Respiratory System	Lung
TOX21_RT_HEPG2_FLO_24hr_viability	NA	viability	Digestive System	Stomach
TOX21_RT_HEPG2_FLO_32hr_ctrl_viability	NA	viability	Immune System	Immune System
TOX21_RT_HEPG2_FLO_32hr_ctrl_viability	NA	viability	Digestive System	Liver
TOX21_RT_HEPG2_FLO_32hr_ctrl_viability	NA	viability	Respiratory System	Lung
TOX21_RT_HEPG2_FLO_32hr_ctrl_viability	NA	viability	Digestive System	Stomach
TOX21_RT_HEPG2_FLO_40hr_ctrl_viability	NA	viability	Immune System	Immune System
TOX21_RT_HEPG2_FLO_40hr_ctrl_viability	NA	viability	Digestive System	Liver
TOX21_RT_HEPG2_FLO_40hr_ctrl_viability	NA	viability	Respiratory System	Lung
TOX21_RT_HEPG2_FLO_40hr_ctrl_viability	NA	viability	Digestive System	Stomach
TOX21_RT_HEPG2_GLO_00hr_ctrl_viability	NA	viability	Immune System	Immune System
TOX21_RT_HEPG2_GLO_00hr_ctrl_viability	NA	viability	Digestive System	Liver
TOX21_RT_HEPG2_GLO_00hr_ctrl_viability	NA	viability	Respiratory System	Lung
TOX21_RT_HEPG2_GLO_00hr_ctrl_viability	NA	viability	Digestive System	Stomach
TOX21_RT_HEPG2_GLO_08hr_ctrl_viability	NA	viability	Immune System	Immune System
TOX21_RT_HEPG2_GLO_08hr_ctrl_viability	NA	viability	Digestive System	Liver
TOX21_RT_HEPG2_GLO_08hr_ctrl_viability	NA	viability	Respiratory System	Lung
TOX21_RT_HEPG2_GLO_08hr_ctrl_viability	NA	viability	Digestive System	Stomach
TOX21_RT_HEPG2_GLO_16hr_ctrl_viability	NA	viability	Immune System	Immune System
TOX21_RT_HEPG2_GLO_16hr_ctrl_viability	NA	viability	Digestive System	Liver
TOX21_RT_HEPG2_GLO_16hr_ctrl_viability	NA	viability	Respiratory System	Lung
TOX21_RT_HEPG2_GLO_16hr_ctrl_viability	NA	viability	Digestive System	Stomach
TOX21_RT_HEPG2_GLO_32hr_ctrl_viability	NA	viability	Immune System	Immune System
TOX21_RT_HEPG2_GLO_32hr_ctrl_viability	NA	viability	Digestive System	Liver
TOX21_RT_HEPG2_GLO_32hr_ctrl_viability	NA	viability	Respiratory System	Lung
TOX21_RT_HEPG2_GLO_32hr_ctrl_viability	NA	viability	Digestive System	Stomach
TOX21_RT_HEPG2_GLO_40hr_viability	NA	viability	Immune System	Immune System
TOX21_RT_HEPG2_GLO_40hr_viability	NA	viability	Digestive System	Liver
TOX21_RT_HEPG2_GLO_40hr_viability	NA	viability	Respiratory System	Lung
TOX21_RT_HEPG2_GLO_40hr_viability	NA	viability	Digestive System	Stomach
TOX21_RT_HEPG2_GLO_24hr_ctrl_viability	NA	viability	Immune System	Immune System
TOX21_RT_HEPG2_GLO_24hr_ctrl_viability	NA	viability	Digestive System	Liver
TOX21_RT_HEPG2_GLO_24hr_ctrl_viability	NA	viability	Respiratory System	Lung
TOX21_RT_HEPG2_GLO_24hr_ctrl_viability	NA	viability	Digestive System	Stomach
TOX21_SSH_3T3_GLI3_Agonist	GLI3	gene target	NA	NA
TOX21_SSH_3T3_GLI3_Agonist_viability	NA	viability	Immune System	Immune System
TOX21_SSH_3T3_GLI3_Agonist_viability	NA	viability	Digestive System	Liver
TOX21_SSH_3T3_GLI3_Agonist_viability	NA	viability	Respiratory System	Lung
TOX21_SSH_3T3_GLI3_Agonist_viability	NA	viability	Digestive System	Stomach
TOX21_SSH_3T3_GLI3_Antagonist	GLI3	gene target	NA	NA
TOX21_SSH_3T3_GLI3_Antagonist_viability	NA	viability	Immune System	Immune System
TOX21_SSH_3T3_GLI3_Antagonist_viability	NA	viability	Digestive System	Liver
TOX21_SSH_3T3_GLI3_Antagonist_viability	NA	viability	Respiratory System	Lung
TOX21_SSH_3T3_GLI3_Antagonist_viability	NA	viability	Digestive System	Stomach
TOX21_ERb_BLA_Antagonist_ratio	ESR2	gene target	NA	NA
TOX21_ERb_BLA_Antagonist_viability	NA	viability	Immune System	Immune System
TOX21_ERb_BLA_Antagonist_viability	NA	viability	Digestive System	Liver
TOX21_ERb_BLA_Antagonist_viability	NA	viability	Respiratory System	Lung
TOX21_ERb_BLA_Antagonist_viability	NA	viability	Digestive System	Stomach
TOX21_ERb_BLA_Agonist_ratio	ESR2	gene target	NA	NA
TOX21_ERb_BLA_Agonist_viability	NA	viability	Immune System	Immune System
TOX21_ERb_BLA_Agonist_viability	NA	viability	Digestive System	Liver
TOX21_ERb_BLA_Agonist_viability	NA	viability	Respiratory System	Lung
TOX21_ERb_BLA_Agonist_viability	NA	viability	Digestive System	Stomach
TOX21_ERa_LUC_BG1_Agonist_Counterscreen	ESR1	gene target	NA	NA
TOX21_ERa_LUC_BG1_Agonist_Counterscreen	ESR1	gene target	NA	NA
TOX21_ERa_LUC_BG1_Agonist_Counterscreen	ESR1	gene target	NA	NA
TOX21_ERa_LUC_BG1_Agonist_Counterscreen	ESR1	gene target	NA	NA
NVS_ENZ_hPDE1A1	PDE1A	gene target	NA	NA
NVS_ENZ_hPDE1B1	PDE1B	gene target	NA	NA
NVS_ENZ_hPDE2A	PDE2A	gene target	NA	NA
NVS_ENZ_hPDE3A	PDE3A	gene target	NA	NA
NVS_ENZ_hPDE4B1	PDE4B	gene target	NA	NA
NVS_ENZ_hPDE4C1	PDE4C	gene target	NA	NA
NVS_ENZ_hPDE4D3	PDE4D	gene target	NA	NA
NVS_ENZ_hPDE7A	PDE7A	gene target	NA	NA
NVS_ENZ_hPDE8A1	PDE8A	gene target	NA	NA
NVS_ENZ_hPDE9A2	PDE9A	gene target	NA	NA
NHEERL_MED_hDIO1_dn	NA	tissue	Endocrine System	Thyroid gland
APR_Cell_count_1_24hr_dn	NA	viability	Immune System	Immune System
APR_Cell_count_1_24hr_dn	NA	viability	Digestive System	Liver
APR_Cell_count_1_24hr_dn	NA	viability	Respiratory System	Lung
APR_Cell_count_1_24hr_dn	NA	viability	Digestive System	Stomach
APR_Cell_count_2_24hr_dn	NA	viability	Immune System	Immune System
APR_Cell_count_2_24hr_dn	NA	viability	Digestive System	Liver
APR_Cell_count_2_24hr_dn	NA	viability	Respiratory System	Lung
APR_Cell_count_2_24hr_dn	NA	viability	Digestive System	Stomach
APR_Nuclear_size_1_24hr_up	NA	viability	Immune System	Immune System
APR_Nuclear_size_1_24hr_up	NA	viability	Digestive System	Liver
APR_Nuclear_size_1_24hr_up	NA	viability	Respiratory System	Lung
APR_Nuclear_size_1_24hr_up	NA	viability	Digestive System	Stomach
APR_Nuclear_size_1_24hr_dn	NA	viability	Immune System	Immune System
APR_Nuclear_size_1_24hr_dn	NA	viability	Digestive System	Liver
APR_Nuclear_size_1_24hr_dn	NA	viability	Respiratory System	Lung
APR_Nuclear_size_1_24hr_dn	NA	viability	Digestive System	Stomach
APR_Nuclear_size_2_24hr_up	NA	viability	Immune System	Immune System
APR_Nuclear_size_2_24hr_up	NA	viability	Digestive System	Liver
APR_Nuclear_size_2_24hr_up	NA	viability	Respiratory System	Lung
APR_Nuclear_size_2_24hr_up	NA	viability	Digestive System	Stomach
APR_Nuclear_size_2_24hr_dn	NA	viability	Immune System	Immune System
APR_Nuclear_size_2_24hr_dn	NA	viability	Digestive System	Liver
APR_Nuclear_size_2_24hr_dn	NA	viability	Respiratory System	Lung
APR_Nuclear_size_2_24hr_dn	NA	viability	Digestive System	Stomach
APR_Cell_cycle_arrest_1_24hr_up	NA	viability	Immune System	Immune System
APR_Cell_cycle_arrest_1_24hr_up	NA	viability	Digestive System	Liver
APR_Cell_cycle_arrest_1_24hr_up	NA	viability	Respiratory System	Lung
APR_Cell_cycle_arrest_1_24hr_up	NA	viability	Digestive System	Stomach
APR_Cell_cycle_arrest_2_24hr_up	NA	viability	Immune System	Immune System
APR_Cell_cycle_arrest_2_24hr_up	NA	viability	Digestive System	Liver
APR_Cell_cycle_arrest_2_24hr_up	NA	viability	Respiratory System	Lung
APR_Cell_cycle_arrest_2_24hr_up	NA	viability	Digestive System	Stomach
APR_p-H2AX_24hr_up	NA	viability	Immune System	Immune System
APR_p-H2AX_24hr_up	NA	viability	Digestive System	Liver
APR_p-H2AX_24hr_up	NA	viability	Respiratory System	Lung
APR_p-H2AX_24hr_up	NA	viability	Digestive System	Stomach
APR_p53_activation_24hr_up	NA	viability	Immune System	Immune System
APR_p53_activation_24hr_up	NA	viability	Digestive System	Liver
APR_p53_activation_24hr_up	NA	viability	Respiratory System	Lung
APR_p53_activation_24hr_up	NA	viability	Digestive System	Stomach
APR_Mitochondrial_membrane_potential_24hr_up	NA	viability	Immune System	Immune System
APR_Mitochondrial_membrane_potential_24hr_up	NA	viability	Digestive System	Liver
APR_Mitochondrial_membrane_potential_24hr_up	NA	viability	Respiratory System	Lung
APR_Mitochondrial_membrane_potential_24hr_up	NA	viability	Digestive System	Stomach
APR_Mitochondrial_membrane_potential_24hr_dn	NA	viability	Immune System	Immune System
APR_Mitochondrial_membrane_potential_24hr_dn	NA	viability	Digestive System	Liver
APR_Mitochondrial_membrane_potential_24hr_dn	NA	viability	Respiratory System	Lung
APR_Mitochondrial_membrane_potential_24hr_dn	NA	viability	Digestive System	Stomach
APR_Mitochondrial_mass_24hr_up	NA	viability	Immune System	Immune System
APR_Mitochondrial_mass_24hr_up	NA	viability	Digestive System	Liver
APR_Mitochondrial_mass_24hr_up	NA	viability	Respiratory System	Lung
APR_Mitochondrial_mass_24hr_up	NA	viability	Digestive System	Stomach
APR_Mitochondrial_mass_24hr_dn	NA	viability	Immune System	Immune System
APR_Mitochondrial_mass_24hr_dn	NA	viability	Digestive System	Liver
APR_Mitochondrial_mass_24hr_dn	NA	viability	Respiratory System	Lung
APR_Mitochondrial_mass_24hr_dn	NA	viability	Digestive System	Stomach
APR_p-H3_24hr_up	NA	viability	Immune System	Immune System
APR_p-H3_24hr_up	NA	viability	Digestive System	Liver
APR_p-H3_24hr_up	NA	viability	Respiratory System	Lung
APR_p-H3_24hr_up	NA	viability	Digestive System	Stomach
APR_Tubulin_microtubule_stability_24hr_up	NA	viability	Immune System	Immune System
APR_Tubulin_microtubule_stability_24hr_up	NA	viability	Digestive System	Liver
APR_Tubulin_microtubule_stability_24hr_up	NA	viability	Respiratory System	Lung
APR_Tubulin_microtubule_stability_24hr_up	NA	viability	Digestive System	Stomach
APR_Tubulin_microtubule_stability_24hr_dn	NA	viability	Immune System	Immune System
APR_Tubulin_microtubule_stability_24hr_dn	NA	viability	Digestive System	Liver
APR_Tubulin_microtubule_stability_24hr_dn	NA	viability	Respiratory System	Lung
APR_Tubulin_microtubule_stability_24hr_dn	NA	viability	Digestive System	Stomach
APR_Cell_count_1_72hr_dn	NA	viability	Immune System	Immune System
APR_Cell_count_1_72hr_dn	NA	viability	Digestive System	Liver
APR_Cell_count_1_72hr_dn	NA	viability	Respiratory System	Lung
APR_Cell_count_1_72hr_dn	NA	viability	Digestive System	Stomach
APR_Cell_count_2_72hr_dn	NA	viability	Immune System	Immune System
APR_Cell_count_2_72hr_dn	NA	viability	Digestive System	Liver
APR_Cell_count_2_72hr_dn	NA	viability	Respiratory System	Lung
APR_Cell_count_2_72hr_dn	NA	viability	Digestive System	Stomach
APR_Nuclear_size_1_72hr_up	NA	viability	Immune System	Immune System
APR_Nuclear_size_1_72hr_up	NA	viability	Digestive System	Liver
APR_Nuclear_size_1_72hr_up	NA	viability	Respiratory System	Lung
APR_Nuclear_size_1_72hr_up	NA	viability	Digestive System	Stomach
APR_Nuclear_size_1_72hr_dn	NA	viability	Immune System	Immune System
APR_Nuclear_size_1_72hr_dn	NA	viability	Digestive System	Liver
APR_Nuclear_size_1_72hr_dn	NA	viability	Respiratory System	Lung
APR_Nuclear_size_1_72hr_dn	NA	viability	Digestive System	Stomach
APR_Nuclear_size_2_72hr_up	NA	viability	Immune System	Immune System
APR_Nuclear_size_2_72hr_up	NA	viability	Digestive System	Liver
APR_Nuclear_size_2_72hr_up	NA	viability	Respiratory System	Lung
APR_Nuclear_size_2_72hr_up	NA	viability	Digestive System	Stomach
APR_Nuclear_size_2_72hr_dn	NA	viability	Immune System	Immune System
APR_Nuclear_size_2_72hr_dn	NA	viability	Digestive System	Liver
APR_Nuclear_size_2_72hr_dn	NA	viability	Respiratory System	Lung
APR_Nuclear_size_2_72hr_dn	NA	viability	Digestive System	Stomach
APR_Cell_cycle_arrest_1_72hr_up	NA	viability	Immune System	Immune System
APR_Cell_cycle_arrest_1_72hr_up	NA	viability	Digestive System	Liver
APR_Cell_cycle_arrest_1_72hr_up	NA	viability	Respiratory System	Lung
APR_Cell_cycle_arrest_1_72hr_up	NA	viability	Digestive System	Stomach
APR_Cell_cycle_arrest_2_72hr_up	NA	viability	Immune System	Immune System
APR_Cell_cycle_arrest_2_72hr_up	NA	viability	Digestive System	Liver
APR_Cell_cycle_arrest_2_72hr_up	NA	viability	Respiratory System	Lung
APR_Cell_cycle_arrest_2_72hr_up	NA	viability	Digestive System	Stomach
APR_p-H2AX_72hr_up	NA	viability	Immune System	Immune System
APR_p-H2AX_72hr_up	NA	viability	Digestive System	Liver
APR_p-H2AX_72hr_up	NA	viability	Respiratory System	Lung
APR_p-H2AX_72hr_up	NA	viability	Digestive System	Stomach
APR_p53_activation_72hr_up	NA	viability	Immune System	Immune System
APR_p53_activation_72hr_up	NA	viability	Digestive System	Liver
APR_p53_activation_72hr_up	NA	viability	Respiratory System	Lung
APR_p53_activation_72hr_up	NA	viability	Digestive System	Stomach
APR_Mitochondrial_membrane_potential_72hr_up	NA	viability	Immune System	Immune System
APR_Mitochondrial_membrane_potential_72hr_up	NA	viability	Digestive System	Liver
APR_Mitochondrial_membrane_potential_72hr_up	NA	viability	Respiratory System	Lung
APR_Mitochondrial_membrane_potential_72hr_up	NA	viability	Digestive System	Stomach
APR_Mitochondrial_membrane_potential_72hr_dn	NA	viability	Immune System	Immune System
APR_Mitochondrial_membrane_potential_72hr_dn	NA	viability	Digestive System	Liver
APR_Mitochondrial_membrane_potential_72hr_dn	NA	viability	Respiratory System	Lung
APR_Mitochondrial_membrane_potential_72hr_dn	NA	viability	Digestive System	Stomach
APR_Mitochondrial_mass_72hr_up	NA	viability	Immune System	Immune System
APR_Mitochondrial_mass_72hr_up	NA	viability	Digestive System	Liver
APR_Mitochondrial_mass_72hr_up	NA	viability	Respiratory System	Lung
APR_Mitochondrial_mass_72hr_up	NA	viability	Digestive System	Stomach
APR_Mitochondrial_mass_72hr_dn	NA	viability	Immune System	Immune System
APR_Mitochondrial_mass_72hr_dn	NA	viability	Digestive System	Liver
APR_Mitochondrial_mass_72hr_dn	NA	viability	Respiratory System	Lung
APR_Mitochondrial_mass_72hr_dn	NA	viability	Digestive System	Stomach
APR_p-H3_72hr_up	NA	viability	Immune System	Immune System
APR_p-H3_72hr_up	NA	viability	Digestive System	Liver
APR_p-H3_72hr_up	NA	viability	Respiratory System	Lung
APR_p-H3_72hr_up	NA	viability	Digestive System	Stomach
APR_Tubulin_microtubule_stability_72hr_up	NA	viability	Immune System	Immune System
APR_Tubulin_microtubule_stability_72hr_up	NA	viability	Digestive System	Liver
APR_Tubulin_microtubule_stability_72hr_up	NA	viability	Respiratory System	Lung
APR_Tubulin_microtubule_stability_72hr_up	NA	viability	Digestive System	Stomach
APR_Tubulin_microtubule_stability_72hr_dn	NA	viability	Immune System	Immune System
APR_Tubulin_microtubule_stability_72hr_dn	NA	viability	Digestive System	Liver
APR_Tubulin_microtubule_stability_72hr_dn	NA	viability	Respiratory System	Lung
APR_Tubulin_microtubule_stability_72hr_dn	NA	viability	Digestive System	Stomach
